"V1","V2","V3","V4","V5"
0,0,0.717885269511824,0.251356776935434,0.0307579535527421
0,0.592583233137273,0.243800304530453,0.139905606139065,0.0237108561932085
0,0.279750126001613,0.364807332447319,0.281552152068237,0.0738903894828318
0,0,0.845242662546523,0.146103932304579,0.00865340514889767
0,0,0.871709217060158,0.122421301371917,0.00586948156792417
0.488012416872747,0.048332587024016,0.36898253748507,0.0878087913654879,0.00686366725267909
0,0,0.711687012010538,0.256076596673395,0.0322363913160674
0,0,0.570500453667375,0.351558149612196,0.0779413967204289
0.220383256179708,0.0478771655710356,0.490241054896023,0.207756354645576,0.0337421687076579
0.806721418293282,0.0233323515622584,0.149230009159332,0.0201890908440042,0.00052713014112342
0,0.805276652139094,0.123785567161813,0.0623460264960764,0.00859175420301633
0,0,0.816033860692271,0.171556120844573,0.0124100184631558
0.36485395947584,0.0515245831281454,0.437113423154981,0.132234169933502,0.0142738643075327
0.220383256179708,0.0478771655710356,0.490241054896023,0.207756354645576,0.0337421687076579
0.356781864475163,0.0515601531896795,0.441019996555221,0.135676597118233,0.0149613886617042
0,0,0.569676529653476,0.352040419854645,0.0782830504918791
0.473669929635967,0.0489351422913054,0.377607498120132,0.0922941154159058,0.00749331453668944
0,0,0.69608906815451,0.267773534454505,0.0361373973909848
0,0.400097032786723,0.330059271620146,0.22202165204676,0.0478220435463705
0,0,0.839156715717965,0.151467376458086,0.00937590782394885
0.557289521370135,0.044686100700324,0.325351515585259,0.0682545894847482,0.0044182728595344
0,0.283157466379832,0.364133318487889,0.279757936867307,0.0729512782649722
0,0,0.59923430927933,0.334150628526919,0.0666150621937505
0,0.254953542760297,0.369011657327113,0.294822021993474,0.0812127779191156
0,0,0.730796178990574,0.241397234003939,0.0278065870054862
0,0,0.837541210384376,0.152885830559942,0.00957295905568143
0.581923251348077,0.04311692005133,0.309146687838042,0.0620675621740907,0.00374557858846013
0.132129369626129,0.0394191138914974,0.491828051933637,0.275236247513784,0.061387217034953
0.496085066433119,0.0479694197151578,0.364061647476033,0.0853538968228425,0.00652996955284846
0,0.413224378976562,0.32516244468089,0.21596042060445,0.0456527557380974
0,0.593380883729186,0.243389934249087,0.139591990481904,0.0236371915398237
0,0,0.851782996940823,0.140305364990406,0.0079116380687702
0,0,0.60532741003886,0.330316141553254,0.0643564484078863
0.399010418413342,0.0511183471300257,0.419716636462985,0.11846309564881,0.0116915023448372
0,0.619480572674368,0.229770837035228,0.129435124683813,0.0213134656065906
0,0.383756179920963,0.335896852054075,0.229675970166368,0.0506709978585928
0.116223143236949,0.037111882641434,0.487067508153668,0.290179956028591,0.0694175099393573
0,0,0.958030230261761,0.0413666742910552,0.000603095447183361
0,0,0.862103730985116,0.131082939455241,0.00681332955964231
0,0.931188985734622,0.0449420270885017,0.0212336741917053,0.00263531298517052
0.291713235369682,0.0509025209421731,0.469051694009317,0.166435290091968,0.02189725958686
0,0,0,0.988093800866061,0.0119061991339395
0.128246140978772,0.0388832611856912,0.49086539106494,0.27878694504618,0.0632182617244173
0,0.913816812779853,0.0560945091633812,0.0267255929783971,0.00336308507836833
0.592432321739922,0.0424069042473512,0.302135997166839,0.0595399925613858,0.00348478428450185
0,0,0.816033860692271,0.171556120844573,0.0124100184631558
0.581055956223841,0.0431744484866765,0.309722731549603,0.0622790901524092,0.00376777358747101
0,0,0.872969971400012,0.121278883389253,0.00575114521073572
0,0,0.842397080678901,0.148615587727761,0.00898733159333767
0,0,0.804324893552026,0.181550256536825,0.0141248499111488
0.379846729109944,0.051396065902285,0.429643287962622,0.126035361843862,0.0130785551812867
0,0.629561256820665,0.224414387325041,0.125565430056972,0.0204589257973227
0,0,0.887814198583963,0.107732411453551,0.00445338996248637
0.577599682593739,0.043402073586285,0.31201442940994,0.0631265480151724,0.00385726639486373
0.352024584801069,0.0515697815640158,0.443282700300057,0.137740999074748,0.0153819342601095
0.557289521370135,0.044686100700324,0.325351515585259,0.0682545894847482,0.0044182728595344
0,0,0.851372747434286,0.14067013573068,0.00795711683503453
0,0.870619191874931,0.0834610543373357,0.0406245170609561,0.00529523672677687
0,0,0.664629280522776,0.290552136916381,0.0448185825608439
0,0.630408681926655,0.223961737011744,0.125241449803328,0.0203881312582736
0,0.668846760971046,0.203060497161064,0.110755664279206,0.0173370775886826
0.836122010695929,0.0201167651858628,0.127084782943872,0.0163160215995199,0.000360419574816071
0,0,0.839156715717965,0.151467376458086,0.00937590782394885
0.337626024263201,0.0515462291149457,0.449943250461054,0.144155761400878,0.016728734759921
0,0.414337574517739,0.324739050126306,0.215449945838967,0.0454734295169879
0,0,0,0,1
0,0,0.71615813642812,0.252675995080439,0.0311658684914407
0,0,0.714779422217267,0.253726843110092,0.0314937346726407
0.119742321559659,0.0376485974286386,0.48831471322087,0.286780457502068,0.067513910288764
0.524231375014844,0.0465728196129455,0.346553848011679,0.0771690736091286,0.00547288375140323
0.33064912260984,0.0515055213869819,0.453064240264512,0.147357218341604,0.0174238973970625
0,0,0.671387326768209,0.285753045384197,0.0428596278475942
0.58453291169946,0.0429428320762672,0.307411039996744,0.06143379545889,0.00367942076863906
0.115531817417336,0.0370046051078723,0.486808479543215,0.290854297020621,0.0698008009109556
0.154991870495612,0.0422510991144077,0.495291143330774,0.255483339964398,0.0519825470948084
0,0.715379057540909,0.176855957266837,0.0937419342975274,0.0140230508947266
0.113821440222561,0.0367365457702836,0.4861472452526,0.292532020694814,0.0707627480597411
0,0,0.564485906019067,0.355056444810509,0.0804576491704233
0,0.402255599290592,0.329266436378056,0.221019686852064,0.0474582774792877
0.758867091787515,0.028282520393992,0.184761205708647,0.0271972755141159,0.000891906595729869
0,0,0.883547420041076,0.111644097615441,0.0048084823434838
0,0,0.979497744158537,0.020359728965369,0.00014252687609371
0,0,0.956185875187509,0.043156304959842,0.00065781985264923
0,0,0.839156715717965,0.151467376458086,0.00937590782394885
0.806721418293282,0.0233323515622584,0.149230009159332,0.0201890908440042,0.00052713014112342
0,0.624500574786654,0.227109939710039,0.127504444011404,0.0208850414919031
0,0,0.948386895717756,0.0506969865940884,0.000916117688155553
0,0,0.972913719474124,0.0268367759010615,0.000249504624814512
0,0,0.966373951533847,0.0332403782554413,0.00038567021071185
0,0,0.837541210384376,0.152885830559942,0.00957295905568143
0.753228867091822,0.0288416994168718,0.188902561838511,0.0280833812935472,0.000943490359246977
0.337626024263201,0.0515462291149457,0.449943250461054,0.144155761400878,0.016728734759921
0,0,0.510417595827712,0.384078965475472,0.105503438696816
0,0,0.85383721167263,0.138476770022584,0.00768601830478591
0,0.771349082716032,0.14416491025557,0.0739788948361542,0.0105071121922432
0.382119677438807,0.0513696703424697,0.428487488075876,0.125117067614384,0.0129060965284628
0,0,0.830709937433832,0.158859257658477,0.0104308049076905
0.806721418293282,0.0233323515622584,0.149230009159332,0.0201890908440042,0.00052713014112342
0.509583908246871,0.047324508507898,0.355731137964676,0.0813572897184897,0.00600315556206537
0.219399350168174,0.0478151885802416,0.490439177710504,0.208395159099795,0.033951124441285
0.653717985404516,0.0378104825763941,0.260204189236868,0.0460363465214651,0.00223099626075679
0.655670945520313,0.0376517616060592,0.258840745232233,0.0456388458343294,0.00219770180706551
0.626979517712385,0.0399090106082412,0.278708362654715,0.0516771881339966,0.0027259208906628
0.610370874477987,0.0411406934492472,0.290041957439217,0.0553737149544073,0.00307275967914184
0,0,0,0.99001486116737,0.00998513883263005
0,0,0.735387355427714,0.237814421459951,0.0267982231123355
0,0.511767195968119,0.283383065988782,0.172735226917911,0.0321145111251889
0.231156807161592,0.0485163736285905,0.487877953828822,0.200897335393599,0.0315515299873965
0.523450063536965,0.0466142529603881,0.347046877997258,0.0773886715065219,0.0055001339988666
0,0.856678630905032,0.0921763019442661,0.0451863598098693,0.00595870734083287
0,0.788130323588763,0.134135277776679,0.0681935234209212,0.00954087521363683
0,0,0.796996264786586,0.187743127400707,0.0152606078127073
0.621393686283773,0.0403295097080693,0.282534255826876,0.0529035243579139,0.00283902382336745
0,0.63466294842886,0.22168386115243,0.123618067442513,0.0200351229761975
0,0,0.59063611847545,0.339477670194884,0.0698862113296666
0.670505326660199,0.0364225242315163,0.248433557306612,0.0426819420061972,0.00195664979547563
0,0.617816222024659,0.230650156389574,0.130076835737721,0.0214567858480463
0,0.628714970863501,0.224866066150297,0.125889178403198,0.0205297845830038
0.644040094421366,0.0385861901894991,0.266937217687684,0.048034930501467,0.00240156719998398
0,0,0.574914882688082,0.348957910862839,0.0761272064490794
0,0.638945924534835,0.219381474780041,0.121988876780528,0.0196837239045946
0,0,0.610305268826965,0.327147400644476,0.0625473305285589
0.644040094421366,0.0385861901894991,0.266937217687684,0.048034930501467,0.00240156719998398
0,0,0.836734624377858,0.153593202978251,0.00967217264389093
0.653717985404516,0.0378104825763941,0.260204189236868,0.0460363465214651,0.00223099626075679
0,0,0.604744455299147,0.330685116762883,0.0645704279379695
0.212000566305289,0.0473292067544458,0.491829128823171,0.213267735299064,0.0355733628180302
0.581055956223841,0.0431744484866765,0.309722731549603,0.0622790901524092,0.00376777358747101
0,0,0.947017223296243,0.0520167828361153,0.000965993867642034
0,0.385826585766918,0.335173659688772,0.228699308860777,0.0503004456835333
0.582791841013441,0.0430591415674926,0.308569392616177,0.0618561699958383,0.00372345480705136
0,0,0.787454969246944,0.1957325657415,0.0168124650115561
0,0,0.80471247219096,0.181221396192575,0.0140661316164654
0.453618733677922,0.049682951534783,0.389397960128885,0.0988413343237427,0.00845902033466669
0,0,0.497789895569639,0.390189274387429,0.112020830042932
0.686698783722012,0.0350338705429814,0.236973883463003,0.0395772295152543,0.00171623275675004
0.154991870495612,0.0422510991144077,0.495291143330774,0.255483339964398,0.0519825470948084
0.462500034117212,0.0493656008573375,0.384215400162806,0.0959005772673504,0.00801838759529383
0,0,0,0,1
0,0.590991147230815,0.244618325878769,0.140532151584144,0.0238583753062719
0.145363558629729,0.0411227425102272,0.494259755051831,0.263572613040636,0.0556813307675767
0,0,0.848506528110491,0.143214704495344,0.00827876739416523
0,0,0.952507810202286,0.0467179880401088,0.000774201757605571
0,0,0.710316905399683,0.257114442152865,0.0325686524474518
0.771420190608557,0.0270190325371201,0.175505706507937,0.0252711543607328,0.000783915985653463
0,0,0,0,1
0.132129369626129,0.0394191138914974,0.491828051933637,0.275236247513784,0.061387217034953
0,0,0.879301147364352,0.115522668652643,0.00517618398300542
0,0.323056751597571,0.354720691520104,0.259247752695062,0.0629748041872627
0,0,0.889098245582597,0.106552417304928,0.00434933711247506
0,0,0.580760700015506,0.345472552974636,0.0737667470098585
0.527368300349359,0.0464049683447295,0.344570468642746,0.0762916494739105,0.00536461318925516
0.196179612374308,0.046166921410172,0.494167303358481,0.22411459045132,0.0393715724057193
0,0,0.833516040623686,0.156410364544662,0.0100735948316517
0.133715387102972,0.0396331282966045,0.492187057371627,0.273803310391841,0.060661116836955
0.566508145434082,0.0441147445761501,0.319325831983634,0.0658952628823307,0.00415601512380234
0,0,0.821160536967853,0.167142145318172,0.0116973177139749
0,0,0.669449474875274,0.287134529980466,0.0434159951442599
0.676532632391464,0.0359113010650111,0.244180026482406,0.0415115570009224,0.00186448306019655
0.341678724859848,0.0515609970388287,0.448097859145885,0.14232441263263,0.0163380063228076
0,0,0.932979251386527,0.0654649813026754,0.00155576731079775
0,0,0.931183123287315,0.0671752319859216,0.00164164472676315
0,0,0.87212926606598,0.12204082107546,0.00582991285855999
0.207929559637689,0.0470464825610423,0.492516050658581,0.216001871747194,0.0365060353954936
0,0,0.816820491810073,0.17088034345572,0.012299164734207
0,0.583094649875629,0.248654408378382,0.143651180667512,0.0245997610784768
0,0,0.78140857146978,0.200752130874675,0.0178392976555443
0.597757813702821,0.0420380695046142,0.298562031053652,0.058283870639729,0.00335821509918426
0,0,0.687093453453717,0.274399603827817,0.0385069427184658
0.207310227425941,0.0470024976151488,0.492615542076922,0.216421205030349,0.0366505278516395
0,0,0.708949436454112,0.258148308658592,0.0329022548872963
0,0,0.688418765121926,0.27342897900967,0.0381522558684039
0.18072884143361,0.0448581050894292,0.495515164639181,0.235315889325966,0.0435819995118134
0,0,0.879724854680438,0.115136295866208,0.00513884945335358
0,0.88717015369515,0.0730389115226929,0.0352574793585664,0.00453345542359109
0.60946118117705,0.0412065241245393,0.290659010504282,0.0555805917366927,0.00309269245743644
0,0,0.560421474156208,0.357391107565269,0.0821874182785237
0.666516984651902,0.0367570880488217,0.251240305794982,0.0434661802907309,0.00201944121356367
0,0.660798276131023,0.207495278279892,0.113755492381254,0.0179509532078308
0,0,0.612071916296043,0.32601508010964,0.0619130035943172
0,0.624500574786654,0.227109939710039,0.127504444011404,0.0208850414919031
0,0,0.839156715717965,0.151467376458086,0.00937590782394885
0.209798679802246,0.0471776627749496,0.49220771452049,0.214741779548757,0.0360741633535568
0,0,0.928495412473921,0.0697299835325626,0.00177460399351664
0,0,0.875918827205154,0.118601820671374,0.00547935212347209
0,0.609561302833283,0.234989928086274,0.133271548119023,0.0221772209614192
0.123921308304365,0.0382660956681692,0.48964704256953,0.282814006294796,0.0653515471631396
0,0,0.708949436454112,0.258148308658592,0.0329022548872963
0.359452521970044,0.0515510435337897,0.439736751895577,0.134529328715865,0.0147303538847244
0.115187698110139,0.0369509770958757,0.486677787770176,0.291190771193926,0.0699927658298836
0,0,0.74681197380163,0.228806912501558,0.0243811136968113
0,0.87649450128985,0.0797705704835192,0.0387132733989987,0.00502165482763212
0,0.160941271698011,0.369942181095838,0.348753236272564,0.120363310933588
0.586279183774587,0.0428255152449876,0.306247658374948,0.0610119713917209,0.00363567121375616
0.588030672777793,0.0427071862866212,0.305079232391515,0.0605907026628342,0.00359220588123668
0,0,0.833516040623686,0.156410364544662,0.0100735948316517
0,0.404425811492805,0.328464359688092,0.220014432859662,0.0470953959594414
0,0.893157156055407,0.0692493083314311,0.0333289412984681,0.00426459431469439
0.525013852693028,0.0465311749946631,0.34605969381668,0.0769495719277527,0.00544570656787656
0,0,0.839156715717965,0.151467376458086,0.00937590782394885
0,0,0.833516040623686,0.156410364544662,0.0100735948316517
0.347849170468664,0.0515711832203174,0.445243710102083,0.139575133454514,0.0157608027544218
0,0,0.82711596730892,0.161985833324745,0.0108981993663346
0,0.386345930202103,0.334991490042406,0.228454636461234,0.0502079432942568
0,0,0.85301493195882,0.139209157053666,0.00777591098751398
0,0.369571106064262,0.340717728304991,0.236422152785708,0.0532890128450381
0.188155445463742,0.0455096053061063,0.494991296841924,0.229853078415244,0.0414905739729835
0.575020975799876,0.0435701958433819,0.313720155166267,0.0637635378591654,0.0039251353313102
0,0,0,0.975381647111392,0.024618352888608
0,0,0.885678239901317,0.109692406808238,0.00462935329044472
0,0,0.852193444133578,0.139940278429183,0.00786627743723827
0,0.668846760971046,0.203060497161064,0.110755664279206,0.0173370775886826
0,0,0,0.92524858569833,0.0747514143016699
0.133516098445918,0.0396063886721881,0.492143010410381,0.273982821693142,0.0607516807783707
0.327703332183295,0.0514824386571575,0.454360189084667,0.148727785797181,0.0177262542776996
0,0,0.766864264301847,0.21268614368054,0.0204495920176129
0,0,0,0.960342757774544,0.0396572422254563
0,0.253585422146399,0.369205524726303,0.295565279854907,0.081643773272392
0,0,0.731500643649282,0.240848882258721,0.0276504740919974
0,0,0.660798125769057,0.293249350881352,0.0459525233495904
0,0,0.826717598336239,0.162331708186698,0.0109506934770625
0.467354080785855,0.0491827808763842,0.381355909613715,0.0943208998344241,0.00778632888962162
0,0.86944886446336,0.0841949544206829,0.041006025781873,0.00535015533408437
0,0,0.861688510639686,0.13145566523115,0.00685582412916354
0,0,0.931183123287315,0.0671752319859216,0.00164164472676315
0.175941347161885,0.0444152439228702,0.495723048719566,0.238918157558547,0.0450022026371314
0.671506135608732,0.0363381048126572,0.247728261936956,0.0424863771285523,0.00194112051310303
0.200618124041965,0.0465104948519167,0.493603341467008,0.221010515362129,0.0382575242769806
0,0,0.830709937433832,0.158859257658477,0.0104308049076905
0,0,0.841180480096819,0.149687337956572,0.00913218194660921
0,0.54297131560497,0.268591370917551,0.159803594754343,0.0286337187231359
0,0,0.889955308482127,0.105764085695603,0.00428060582226974
0,0.842961289503423,0.100694057750912,0.0497127771645599,0.00663187558110516
0.113821440222561,0.0367365457702836,0.4861472452526,0.292532020694814,0.0707627480597411
0,0,0.87212926606598,0.12204082107546,0.00582991285855999
0,0,0.857134264691719,0.135534533650077,0.00733120165820371
0.379846729109944,0.051396065902285,0.429643287962622,0.126035361843862,0.0130785551812867
0.189563865567632,0.0456284216348294,0.494865517014791,0.228833759657375,0.0411084361253728
0,0.628714970863501,0.224866066150297,0.125889178403198,0.0205297845830038
0,0.938734937749137,0.0400725329473476,0.0188650681762339,0.00232746112728194
0,0,0,0.973488981622833,0.0265110183771665
0,0,0.983753840968492,0.0161568352085934,8.93238229151159e-05
0,0.891956532048575,0.0700100925973193,0.0337151437463216,0.00431823160778369
0,0,0,0,1
0,0,0.560421474156208,0.357391107565269,0.0821874182785237
0.645001400863063,0.0385099503860598,0.266270194288888,0.0478342525017166,0.00238420196027271
0.38844066055201,0.0512869137497466,0.425242216028673,0.1225922156266,0.0124379940429697
0,0.926192079894343,0.0481582558869357,0.0228077665000072,0.00284189771871376
0,0,0.601548224931567,0.332700208061104,0.0657515670073294
0.636401042045493,0.0391856078864282,0.272223623285795,0.0496467629450602,0.00254296383722426
0.356250118801214,0.0515616503711593,0.44127439128165,0.135906020859734,0.0150078186862421
0,0,0.679194991850078,0.28014377421003,0.0406612339398918
0.323333781607561,0.0514416499735528,0.45625801977092,0.150781783650571,0.0181847649973947
0,0,0.838752547485249,0.151822454126205,0.00942499838854564
0,0,0.604453188491452,0.3308693042868,0.0646775072217487
0.324299730217924,0.0514513453276418,0.455841026068309,0.150325540221162,0.018082358164963
0,0,0.712373056029973,0.255556178617334,0.0320707653526935
0,0,0.98280644629448,0.0170934659112238,0.000100087794295883
0,0,0.833516040623686,0.156410364544662,0.0100735948316517
0.581055956223841,0.0431744484866765,0.309722731549603,0.0622790901524092,0.00376777358747101
0,0,0.569402152827434,0.352200808109269,0.0783970390632967
0,0,0.935229284234742,0.0633191749504559,0.00145154081480241
0,0,0.669127043789297,0.28736397265621,0.043508983554493
0.604031422589786,0.0415958805768803,0.29433384658895,0.0568250867854817,0.00321376345890274
0,0.383756179920963,0.335896852054075,0.229675970166368,0.0506709978585928
0,0,0.648186392570274,0.302006770155238,0.0498068372744881
0.358381868399488,0.0515550133615822,0.440252308787153,0.134988264758936,0.0148225446928403
0,0,0.80976802262651,0.176919456899032,0.0133125204744584
0,0,0.958953741438467,0.0404696553571612,0.000576603204371357
0.12559598770642,0.0385076724664905,0.490137651051991,0.281245393349127,0.0645132954259706
0.118145694126472,0.0374070207221785,0.487763458655844,0.28831595701043,0.0683678694850756
0,0,0,0,1
0,0,0.879724854680438,0.115136295866208,0.00513884945335358
0,0.36857818402986,0.341046200560823,0.236897995377509,0.053477620031808
0,0.240948924579413,0.370791680152057,0.302486620608607,0.0857727746599238
0,0,0.836734624377858,0.153593202978251,0.00967217264389093
0,0,0.708949436454112,0.258148308658592,0.0329022548872963
0,0,0.850552841099055,0.141398730537943,0.00804842836300186
0.644040094421366,0.0385861901894991,0.266937217687684,0.048034930501467,0.00240156719998398
0,0,0.962193046798271,0.0373184893047589,0.000488463896970275
0,0.595780283385048,0.242153368265073,0.138649770886603,0.0234165774632763
0,0.595780283385048,0.242153368265073,0.138649770886603,0.0234165774632763
0,0,0.935679941544966,0.0628889457518987,0.00143111270313523
0,0,0.799688484609821,0.185473772948255,0.0148377424419236
0.644040094421366,0.0385861901894991,0.266937217687684,0.048034930501467,0.00240156719998398
0.194431826021652,0.0460277635595058,0.49436864063659,0.225350435699853,0.0398213340823994
0,0,0.78859386654261,0.194783295550623,0.0166228379067668
0,0,0.876340904688502,0.118218074926237,0.00544102038526102
0,0,0.817214091681229,0.170542006280228,0.0122439020385427
0,0,0.833114589144159,0.156761126013713,0.0101242848421279
0,0,0.823934382685029,0.16474433687483,0.0113212804401404
0.231501836189585,0.0485356738189066,0.48779659374344,0.20068169203804,0.0314842042100276
0,0,0.570225680009721,0.351719090729491,0.0780552292607878
0,0.230797368161671,0.371783725468087,0.308121559385251,0.0892973469849911
0,0,0.853425972781961,0.138843121843986,0.00773090537405265
0,0.875316276010044,0.0805114719803103,0.0390960156343186,0.00507623637532693
0,0,0.867937868310673,0.125831004121331,0.00623112756799543
0.291713235369682,0.0509025209421731,0.469051694009317,0.166435290091968,0.02189725958686
0,0,0.833516040623686,0.156410364544662,0.0100735948316517
0,0,0.690079000151323,0.272210331055403,0.0377106687932734
0,0.592583233137273,0.243800304530453,0.139905606139065,0.0237108561932085
0,0,0.974320846036656,0.0254550416282588,0.000224112335084764
0.334618075830807,0.0515310682489017,0.451297590796068,0.145528376924675,0.0170248881995486
0.198534458194782,0.0463509450447506,0.493877389186934,0.222461639298312,0.0387755682752208
0.654693737249573,0.0377312725005387,0.259523172724726,0.0458375025631302,0.00221431496203197
0,0,0.947473560840181,0.0515772130806336,0.000949226079185427
0.51416465934401,0.0470951605906862,0.352876176640675,0.08003115999027,0.0058328434343587
0,0.712497994987576,0.178505262746118,0.0947794791515025,0.0142172631148039
0,0,0.71650323030499,0.25241265493272,0.0310841147622906
0,0,0.839561078706526,0.151111989038215,0.00932693225525973
0,0.893157156055407,0.0692493083314311,0.0333289412984681,0.00426459431469439
0,0.585452456034557,0.247452994402775,0.142717866781428,0.0243766827812404
0,0.279750126001613,0.364807332447319,0.281552152068237,0.0738903894828318
0,0.207808776596547,0.372994612468347,0.321133507950077,0.0980631029850293
0,0.364633101027698,0.342339352883916,0.238793372380391,0.0542341737079951
0.217769258617592,0.0477111521366415,0.490760664664441,0.209458182997627,0.0343007415836981
0,0,0.700799730071948,0.264268520157789,0.0349317497702632
0,0,0.594633145864118,0.3370136146409,0.0683532394949826
0,0,0.825921435905195,0.163022546742197,0.011056017352608
0,0,0.613252521420969,0.325256134689217,0.0614913438898142
0,0,0.829909930219022,0.159556187229571,0.0105338825514066
0,0,0.824728629658922,0.164056529513665,0.0112148408274134
0.210739531186314,0.047242810416952,0.49204796357225,0.214110563025569,0.0358591317989147
0.610370874477987,0.0411406934492472,0.290041957439217,0.0553737149544073,0.00307275967914184
0.211369108325719,0.0472860757872437,0.49193938197067,0.213689320957341,0.0357161129590269
0,0,0.501158602264261,0.388585314557237,0.110256083178502
0,0,0,0,1
0,0,0.833917685549938,0.156059296030657,0.0100230184194048
0,0,0.846057450035721,0.145383505323618,0.0085590446406611
0.117793789211272,0.0373533475724152,0.487638724682779,0.288655907849503,0.0685582306840302
0.511869159640373,0.0472107487147863,0.354308593022827,0.080693829341074,0.00591766928093914
0,0,0.948386895717756,0.0506969865940884,0.000916117688155553
0.575020975799876,0.0435701958433819,0.313720155166267,0.0637635378591654,0.0039251353313102
0,0,0.846465138269137,0.145022822330495,0.00851203940036757
0,0,0.84037038932661,0.150400284166505,0.00922932650688458
0,0,0.823140900603047,0.165430934421682,0.0114281649752715
0,0,0,0,1
0,0.41769518667061,0.323454477022157,0.213913541039683,0.0449367952675498
0,0.612849951592278,0.233265338154479,0.131996429435776,0.0218882808174663
0,0.353524631063446,0.345875616711211,0.244171677339069,0.0564280748862736
0.36485395947584,0.0515245831281454,0.437113423154981,0.132234169933502,0.0142738643075327
0.589787394294473,0.0425878403950451,0.303905746644128,0.0601699941591374,0.00354902450721642
0.347849170468664,0.0515711832203174,0.445243710102083,0.139575133454514,0.0157608027544218
0,0,0,0.978227547084752,0.0217724529152482
0.289545866688762,0.050849140487341,0.469863369591396,0.167561865412129,0.0221797578203707
0.373108683483728,0.051463706750178,0.433034036257306,0.128790479687559,0.0136030938212289
0,0,0.837137820237473,0.153239671160405,0.00962250860212219
0.581923251348077,0.04311692005133,0.309146687838042,0.0620675621740907,0.00374557858846013
0.55895440474873,0.0445843396359353,0.324266783799177,0.0678245297836974,0.00436994203245987
0,0,0.859201384885465,0.133685294451739,0.00711332066279608
0,0.36857818402986,0.341046200560823,0.236897995377509,0.053477620031808
0,0,0,0.98681516538655,0.0131848346134503
0.534495184676006,0.046014771403183,0.340041522243871,0.0743232501494014,0.00512527152753835
0,0,0.583846479191228,0.34361367196421,0.072539848844562
0,0,0.828312226365195,0.160946384111817,0.0107413895229883
0,0,0.517848004739907,0.380360641031307,0.101791354228785
0.324783786136802,0.0514560585418816,0.455631515421374,0.150097374714583,0.0180312651853596
0,0,0.779904240167561,0.201995706354955,0.0181000534774837
0,0,0.789354046364322,0.19414902109668,0.0164969325389982
0,0,0.858787562414916,0.134055780280753,0.00715665730433147
0,0,0.80937800905159,0.177252144183964,0.0133698467644465
0.200618124041965,0.0465104948519167,0.493603341467008,0.221010515362129,0.0382575242769806
0,0.35686916184737,0.344827510986832,0.242545901172098,0.0557574259936999
0,0,0.769084102276143,0.210877655952171,0.0200382417716864
0,0,0.839965636544777,0.150756291672441,0.00927807178278257
0,0,0.713747128681268,0.254512345457596,0.0317405258611364
0,0.43724212323793,0.315758289124087,0.205065333262601,0.0419342543753828
0.199722459908086,0.0464422874807568,0.493723135238099,0.221632970364856,0.0384791470082012
0.292584718679989,0.0509233682399108,0.46872281602723,0.165984329571329,0.0217847674815409
0.347849170468664,0.0515711832203174,0.445243710102083,0.139575133454514,0.0157608027544218
0,0,0.580760700015506,0.345472552974636,0.0737667470098585
0,0,0.668804767997798,0.287593185799431,0.0436020462027714
0.114502531390436,0.0368437445207591,0.48641406524674,0.291862325807823,0.0703773330342428
0,0,0.827514528242966,0.161639654485588,0.0108458172714464
0.582791841013441,0.0430591415674926,0.308569392616177,0.0618561699958383,0.00372345480705136
0.616776860405212,0.0406722926378337,0.285685682113702,0.0539299737287607,0.00293519111449154
0.604933011330227,0.041531654646029,0.293724635677064,0.0566172890880269,0.00319340925865303
0,0.390525931298819,0.33351424396303,0.226489942110916,0.0494698826272344
0.581055956223841,0.0431744484866765,0.309722731549603,0.0622790901524092,0.00376777358747101
0.644040094421366,0.0385861901894991,0.266937217687684,0.048034930501467,0.00240156719998398
0,0,0.914731995929878,0.0827281343344273,0.00253986973569459
0.28229655027022,0.0506544932544226,0.47251213046896,0.171383053552881,0.0231537724535159
0.127483299206857,0.0387759819486228,0.490661921794351,0.279491637644006,0.0635871594061636
0,0,0.838348573914575,0.152177222236616,0.00947420384880871
0.666516984651902,0.0367570880488217,0.251240305794982,0.0434661802907309,0.00201944121356367
0,0.613674882335009,0.232831838608973,0.131677073759899,0.0218162052961191
0,0,0.659525988066277,0.294141187756951,0.0463328241767718
0,0,0.610305268826965,0.327147400644476,0.0625473305285589
0,0.69172173993793,0.190295911223501,0.102322767565687,0.0156595812728813
0,0,0.842803005096495,0.148257715295355,0.00893927960815001
0,0.482356351692834,0.296690703894954,0.185240397235295,0.0357125471769168
0,0.840696516027463,0.10209472947405,0.0504637420681822,0.00674501243030423
0,0,0.74250708936844,0.232216329069936,0.0252765815616236
0,0,0.570225680009721,0.351719090729491,0.0780552292607878
0,0,0.773543074085447,0.207230798321809,0.0192261275927438
0.511869159640373,0.0472107487147863,0.354308593022827,0.080693829341074,0.00591766928093914
0.587154275187183,0.0427664775816247,0.305664076890071,0.0608012673049926,0.00361390303612915
0,0.161592055102928,0.370046361958527,0.348359967918456,0.120001615020089
0,0,0,0.981717148158926,0.0182828518410744
0,0,0.725184830323319,0.24574696655005,0.0290682031266306
0,0.707721985358421,0.181231787904621,0.0965039587986846,0.0145422679382729
0.309646552148323,0.0512620179167713,0.462005832290213,0.157382908057038,0.019702689587655
0,0.693585186520007,0.189245907027365,0.101641758591424,0.0155271478612038
0,0,0.81800186050479,0.169864434026181,0.0121337054690299
0.439630861507699,0.0501367866334922,0.397425892398616,0.103609060645677,0.00919739881451562
0,0,0.917821922095404,0.0798223847712176,0.00235569313337883
0.176203960548618,0.0444400129247541,0.495714388923182,0.238718875038724,0.0449227625647217
0,0,0.591205473219746,0.339127993878792,0.0696665329014624
0,0,0.976200181051918,0.0236074725031535,0.000192346444929113
0.452942662881524,0.0497061903421214,0.389789805290064,0.0990679053738568,0.00849343611243392
0.805519085251799,0.0234610886944921,0.150130719619521,0.02035429239379,0.000534814040398611
0,0,0.69877698399179,0.265776505842778,0.0354465101654319
0,0.504250495576501,0.286845149873143,0.175901236141251,0.0330031184091053
0.116223143236949,0.037111882641434,0.487067508153668,0.290179956028591,0.0694175099393573
0,0,0.827913281230875,0.161293171478293,0.0107935472908323
0,0,0.829909930219022,0.159556187229571,0.0105338825514066
0,0.66704977880521,0.20405324591358,0.111423936223914,0.0174730390572963
0,0,0,0.973488981622833,0.0265110183771665
0,0,0,0,1
0,0,0.569676529653476,0.352040419854645,0.0782830504918791
0.606740228005054,0.0414024044918073,0.292502305682793,0.0562021500121182,0.00315291180822771
0,0,0.800073829110434,0.185148417430655,0.0147777534589111
0,0,0.963584668035934,0.0359624522550122,0.000452879709054015
0,0,0.931183123287315,0.0671752319859216,0.00164164472676315
0,0,0.808209095032867,0.17824843381682,0.0135424711503125
0,0,0.721004612280814,0.248966280411037,0.030029107308149
0,0,0.498990397740374,0.389619872691274,0.111389729568352
0.68058090659885,0.0355641667469071,0.241315196205482,0.0407353496108728,0.00180438083788898
0,0.256674077942759,0.368761919120926,0.293888982855789,0.0806750200805259
0,0,0.951132186303642,0.0480475952392239,0.000820218457134721
0,0,0.833917685549938,0.156059296030657,0.0100230184194048
0,0,0.820369726211308,0.167824520469197,0.0118057533194953
0,0,0.669449474875274,0.287134529980466,0.0434159951442599
0,0,0.506010624649324,0.386241596927363,0.107747778423313
0,0.88717015369515,0.0730389115226929,0.0352574793585664,0.00453345542359109
0,0,0.958491874624231,0.0409183486457534,0.000589776730015568
0.581055956223841,0.0431744484866765,0.309722731549603,0.0622790901524092,0.00376777358747101
0.171280673275994,0.0439662820524412,0.495822045564194,0.242488081827285,0.0464429172800854
0.207619662597416,0.0470245060681917,0.49256600098834,0.216211582132031,0.03657824821402
0.306887875997208,0.0512160603324808,0.463126671768193,0.158744953867105,0.020024438035013
0.190982828269342,0.0457466302705091,0.494730548265797,0.227812071532389,0.0407279216619633
0,0,0.767973381230261,0.211783140957756,0.0202434778119825
0.532903154733412,0.0461029947721093,0.341055938096691,0.0747599638618604,0.00517794853592702
0,0,0.871709217060158,0.122421301371917,0.00586948156792417
0,0.878855711858113,0.0782845457980599,0.0379470483355803,0.00491269400824719
0,0,0.578248106255008,0.346976424175382,0.0747754695696107
0.348888357964504,0.0515714554086111,0.444757858779671,0.139116687538441,0.0156656403087732
0,0,0,0.987773986759411,0.0122260132405889
0.580189953711355,0.043231727466573,0.310297525658716,0.0624907533273812,0.00379003983597538
0.636401042045493,0.0391856078864282,0.272223623285795,0.0496467629450602,0.00254296383722426
0.21841983682719,0.047752877053483,0.490633373030285,0.209033221829202,0.0341606912598394
0.115704262395943,0.037031421875662,0.486873531662795,0.29068588581205,0.06970489825355
0.21042544618033,0.0472211276766576,0.492101629358132,0.21432105487755,0.0359307419073303
0,0,0.856308809782713,0.136271999154091,0.00741919106319654
0,0,0.885678239901317,0.109692406808238,0.00462935329044472
0.338634670459518,0.051550509143533,0.449486164220766,0.14369804758333,0.0166306085928534
0,0,0.803163277307001,0.182535079809582,0.0143016428834176
0,0.542241427933899,0.26894478236676,0.160102280638914,0.028711509060427
0,0,0.875496953009591,0.118985238955524,0.0055178080348846
0.899517354435222,0.0127589303877463,0.0786046229079383,0.00899716733257113,0.00012192493652219
0,0.253585422146399,0.369205524726303,0.295565279854907,0.081643773272392
0.557289521370135,0.044686100700324,0.325351515585259,0.0682545894847482,0.0044182728595344
0,0.401174864240035,0.329664005478686,0.221521080210214,0.0476400500710644
0.364310183197131,0.051527730109031,0.437379191954937,0.132463716435852,0.0143191783030493
0,0,0.871709217060158,0.122421301371917,0.00586948156792417
0.335617735884092,0.0515365064384233,0.450848954647086,0.145070928372869,0.0169258746575292
0,0,0,0,1
0.362683712177851,0.0515364994098674,0.438171902457151,0.133152318958699,0.0144555669964319
0,0.337266310684388,0.350758151705942,0.252156105128443,0.0598194324812276
0,0,0.688750492276142,0.273185726993449,0.038063780730409
0,0,0.735741715254932,0.237537002093352,0.0267212826517165
0.209485997035846,0.0471558808882356,0.492260135341981,0.214952012101698,0.0361459746322392
0,0.700146870781191,0.185536668150343,0.0992507634630543,0.0150656976054117
0,0.649343364480357,0.213754620152547,0.118055068738614,0.0188469466284822
0.331636925551167,0.0515124728260101,0.452626744143739,0.146900155438431,0.0173237020406533
0,0.612849951592278,0.233265338154479,0.131996429435776,0.0218882808174663
0,0,0.914731995929878,0.0827281343344273,0.00253986973569459
0,0.223164985604511,0.372351992652375,0.312402662576567,0.0920803591665479
0,0,0,0,1
0,0,0,0.978861096094027,0.0211389039059732
0,0,0.676908423697489,0.281793653325174,0.0412979229773366
0.328682334676506,0.0514905021393092,0.453930953812974,0.148271035752567,0.0176251736186438
0,0.591786654784934,0.244209767943632,0.140218993148529,0.0237845841229053
0,0,0.822744446166298,0.165773779989623,0.0114817738440783
0,0.33908589868797,0.350229724844696,0.251255716460167,0.059428660007167
0.532903154733412,0.0461029947721093,0.341055938096691,0.0747599638618604,0.00517794853592702
0.58453291169946,0.0429428320762672,0.307411039996744,0.06143379545889,0.00367942076863906
0.625112016948655,0.0400502950203448,0.279989040134309,0.0520853040733348,0.00276334382335621
0.581055956223841,0.0431744484866765,0.309722731549603,0.0622790901524092,0.00376777358747101
0,0,0,0,1
0,0,0.727284019058109,0.24412352236866,0.0285924585732308
0.321410507246252,0.051421190929328,0.457083927475957,0.151693912581233,0.0183904617672309
0,0,0.714091060770023,0.254250761845776,0.0316581773842008
0,0,0.718577288457621,0.250827325228355,0.0305953863140238
0,0,0.498509849837521,0.38984809102498,0.111642059137499
0.601334710697312,0.0417869692746077,0.296153686717514,0.0574493849152331,0.00327524839533269
0,0.400097032786723,0.330059271620146,0.22202165204676,0.0478220435463705
0,0,0.848915396476903,0.14285213898014,0.00823246454295632
0,0,0,0.96220986426382,0.03779013573618
0.198534458194782,0.0463509450447506,0.493877389186934,0.222461639298312,0.0387755682752208
0,0,0,0,1
0.40199717382491,0.0510639945581327,0.418133498994167,0.117316892737775,0.0114884398850153
0,0,0.853425972781961,0.138843121843986,0.00773090537405265
0,0.519395945401379,0.279828259343705,0.169542563062298,0.0312332321926172
0.311499432690148,0.0512910233451413,0.46124576119706,0.156474128998188,0.0194896537694616
0.198534458194782,0.0463509450447506,0.493877389186934,0.222461639298312,0.0387755682752208
0,0.817280652887917,0.116480449580663,0.05828971478511,0.00794918274631021
0,0.811802265165602,0.119820328910302,0.0601371512046869,0.0082402547194095
0,0.585452456034557,0.247452994402775,0.142717866781428,0.0243766827812404
0,0.627025810272522,0.225766515257656,0.126535979657579,0.0206716948122431
0,0,0.869193168143209,0.12469735627117,0.0061094755856209
0.333621393332388,0.0515252484482703,0.451743428408076,0.145985732468691,0.0171241973425753
0.35891679596326,0.0515530829784195,0.439994907651116,0.134758801307718,0.0147764120994867
0.575020975799876,0.0435701958433819,0.313720155166267,0.0637635378591654,0.0039251353313102
0,0,0,0.986495765132981,0.013504234867019
0,0,0,0.961275857704221,0.0387241422957787
0,0,0.688750492276142,0.273185726993449,0.038063780730409
0,0,0.729740753850655,0.242217824937981,0.0280414212113644
0.587154275187183,0.0427664775816247,0.305664076890071,0.0608012673049926,0.00361390303612915
0.207619662597416,0.0470245060681917,0.49256600098834,0.216211582132031,0.03657824821402
0,0,0.84768938206021,0.143938892988279,0.00837172495151033
0,0.77551059394031,0.141687091996469,0.0725383634040217,0.0102639506591992
0.61402324621851,0.0408746677895832,0.287560585261028,0.0545477714701268,0.00299372926075156
0,0,0,0.937003978848057,0.0629960211519426
0,0,0.563399184105474,0.35568300493521,0.0809178109593162
0,0,0.867937868310673,0.125831004121331,0.00623112756799543
0.169249088526125,0.0437649399771797,0.495832010406279,0.244064193164916,0.0470897679255005
0,0,0.823140900603047,0.165430934421682,0.0114281649752715
0,0,0.904216722481768,0.0925623378275369,0.00322093969069543
0,0,0.65889083790732,0.294585755027481,0.0465234070651993
0.678553750484579,0.0357383696586605,0.242750537375103,0.0411230444899068,0.00183429799175029
0.178319028241061,0.0446374748889351,0.495632939708096,0.237121032114778,0.0442895250471292
0.215829127664974,0.0475851074645584,0.491132180245038,0.210731066856003,0.0347225177694267
0.606740228005054,0.0414024044918073,0.292502305682793,0.0562021500121182,0.00315291180822771
0,0.358312200825544,0.344370836291395,0.241846172536989,0.0554707903460722
0.1707705022431,0.0439160466157301,0.495826476529012,0.242882720231504,0.0466042543806544
0,0.403882163227808,0.32866574849081,0.220266054979007,0.0471860333023747
0,0,0.816033860692271,0.171556120844573,0.0124100184631558
0.592432321739922,0.0424069042473512,0.302135997166839,0.0595399925613858,0.00348478428450185
0,0,0.88952667380938,0.106158418522942,0.00431490766767881
0.577599682593739,0.043402073586285,0.31201442940994,0.0631265480151724,0.00385726639486373
0,0.207250459374668,0.373004606315948,0.321453916522061,0.0982910177873237
0,0.599800862693273,0.240074157279858,0.137074825064882,0.0230501549619874
0.156152047740589,0.0423811150405391,0.495377372083213,0.254529814673171,0.0515596504624878
0,0,0.702828331384603,0.262751741715104,0.0344199269002934
0.943490731746589,0.00733382052821006,0.0444506670445953,0.00468887805649197,3.59026241140262e-05
0,0,0.954804939380615,0.044494678774213,0.000700381845171685
0.274818534549952,0.0504271550529545,0.475133897909119,0.175412637852707,0.0242077746352673
0.169249088526125,0.0437649399771797,0.495832010406279,0.244064193164916,0.0470897679255005
0,0,0.839156715717965,0.151467376458086,0.00937590782394885
0,0,0.900738562060959,0.0957965908684916,0.00346484707054939
0,0,0.714435158588736,0.253988927783596,0.0315759136276685
0.382690036505893,0.0513627660994351,0.428196523911708,0.124887505021668,0.012863168461296
0,0,0.962193046798271,0.0373184893047589,0.000488463896970275
0,0,0.569676529653476,0.352040419854645,0.0782830504918791
0,0,0.952049047981729,0.0471615548539951,0.00078939716427615
0,0.579965672722725,0.250243835630969,0.144892410923652,0.0248980807226544
0,0,0.697767801380682,0.266527212013604,0.035704986605714
0,0.917511929704291,0.0537291962283275,0.0255528540071039,0.00320602006027778
0,0,0.84442865973058,0.146823108583866,0.00874823168555449
0,0,0.906834153898247,0.0901223247902745,0.00304352131147835
0,0,0.811329957183644,0.175585749089941,0.0130842937264149
0,0,0.853425972781961,0.138843121843986,0.00773090537405265
0,0,0.833114589144159,0.156761126013713,0.0101242848421279
0.212951292145983,0.0473936487659699,0.491660602212706,0.212634714944388,0.0353597419309527
0,0.610381806868538,0.234560188965296,0.13295311390647,0.0221048902596954
0,0.632957807481495,0.222597942304819,0.124268116888603,0.0201761333250832
0.307345942652732,0.0512239222049049,0.462941462926841,0.158518041694283,0.0199706305212392
0,0.59738527086577,0.2413244310274,0.138020479899969,0.02326981820686
0.58453291169946,0.0429428320762672,0.307411039996744,0.06143379545889,0.00367942076863906
0,0,0.821952110041235,0.166458565663374,0.0115893242953909
0,0.600608228623331,0.239655562304964,0.136759148264923,0.0229770608067827
0.114844603785499,0.0368973567716367,0.486546315277336,0.291526780861197,0.0701849433043305
0,0,0.931631830880994,0.0667482013047357,0.00161996781427
0.653717985404516,0.0378104825763941,0.260204189236868,0.0460363465214651,0.00223099626075679
0.652743687814493,0.0378893925270415,0.260883796899187,0.046235377009946,0.00224774574933325
0.200319123923973,0.0464877878347271,0.493643664891236,0.221218090911681,0.0383313324383822
0,0,0.853425972781961,0.138843121843986,0.00773090537405265
0,0,0,0,1
0.363225060755115,0.0515336879386269,0.437908430381058,0.13292279127031,0.01441002965489
0,0,0.815247987131999,0.172230703537285,0.0125213093307159
0,0.57530366115754,0.252601457830072,0.146747434032252,0.0253474469801361
0.588030672777793,0.0427071862866212,0.305079232391515,0.0605907026628342,0.00359220588123668
0,0,0.596929294336004,0.33558840842457,0.0674822972394262
0,0,0.587797558874821,0.341214455510294,0.0709879856148847
0,0.39210506505735,0.332951101995715,0.225749823327937,0.0491940096189977
0.331636925551167,0.0515124728260101,0.452626744143739,0.146900155438431,0.0173237020406533
0,0.288928841287493,0.362942075180297,0.276734600247654,0.0713944832845562
0.552324566000201,0.0449858020417415,0.328577035407285,0.0695476005251349,0.00456499602563764
0,0,0,0,1
0,0,0.770938875027616,0.209362985233448,0.0196981397389355
0,0.211190407485558,0.372913412085439,0.319197321292778,0.0966988591362245
0.116396620101567,0.0371387062208964,0.487131772357787,0.290011080807546,0.0693218205122041
0.347849170468664,0.0515711832203174,0.445243710102083,0.139575133454514,0.0157608027544218
0,0,0.850143184080074,0.141762554999441,0.00809426092048522
0,0.325236876262785,0.354132059438044,0.25815268429234,0.062478380006831
0,0,0.845242662546523,0.146103932304579,0.00865340514889767
0,0,0.669127043789297,0.28736397265621,0.043508983554493
0.281875817087502,0.050642425543794,0.472662668000457,0.171607372553229,0.0232117168150176
0.575020975799876,0.0435701958433819,0.313720155166267,0.0637635378591654,0.0039251353313102
0,0,0.841180480096819,0.149687337956572,0.00913218194660921
0,0,0.773915819942519,0.206925087813412,0.0191590922440698
0,0,0.862934772016908,0.130336525326386,0.00672870265670549
0.399010418413342,0.0511183471300257,0.419716636462985,0.11846309564881,0.0116915023448372
0,0,0.841180480096819,0.149687337956572,0.00913218194660921
0,0.39210506505735,0.332951101995715,0.225749823327937,0.0491940096189977
0.248312638516247,0.0493917892372123,0.483435046424209,0.19046246074074,0.0283980650815915
0,0,0.848915396476903,0.14285213898014,0.00823246454295632
0.561461060299826,0.0444299382962674,0.322630674583559,0.0671803409402122,0.00429798588013557
0,0,0,0.940650982749799,0.0593490172502007
0,0.579186055490653,0.250638976892586,0.145202149653122,0.0249728179636386
0,0.95915777542277,0.0268189091793707,0.0125049123138358,0.00151840308402316
0.631672714634202,0.0395508661279588,0.275483001286007,0.0506598405512561,0.00263357740057624
0,0,0.835526201587212,0.154651947670588,0.00982185074219983
0.424172103573491,0.0505708062916362,0.406095969676035,0.109079576727727,0.0100815437311102
0.220383256179708,0.0478771655710356,0.490241054896023,0.207756354645576,0.0337421687076579
0,0,0.817607881215671,0.170203369866479,0.0121887489178503
0.33064912260984,0.0515055213869819,0.453064240264512,0.147357218341604,0.0174238973970625
0,0,0.863350592896143,0.129962836572744,0.00668657053111339
0,0.86944886446336,0.0841949544206829,0.041006025781873,0.00535015533408437
0,0,0.909459161979756,0.0876699838354567,0.00287085418478729
0,0,0.845242662546523,0.146103932304579,0.00865340514889767
0,0,0,0.960342757774544,0.0396572422254563
0,0,0.727985098104495,0.243580323011956,0.0284345788835492
0,0,0.827514528242966,0.161639654485588,0.0108458172714464
0,0.388430308029233,0.334257298637107,0.227473916012153,0.0498384773215076
0,0,0.917821922095404,0.0798223847712176,0.00235569313337883
0,0,0,0.975697448918581,0.0243025510814187
0.558121342263623,0.0446353371093436,0.32480974923574,0.0680394999695665,0.00439407142172691
0,0,0.909021133545567,0.0880795653802511,0.00289930107418178
0.195595278172653,0.0461206424014024,0.49423593995079,0.224526908817178,0.0395212306579775
0,0.242574950628813,0.370608836952985,0.301590263262609,0.0852259491555934
0,0,0,0.980446764339717,0.0195532356602827
0.595977351754577,0.0421620515867747,0.29975847750236,0.0587019971581578,0.00340012199813056
0,0,0.520348767805911,0.379089128552557,0.100562103641532
0,0,0.708266689518578,0.258663752992071,0.0330695574893511
0.399010418413342,0.0511183471300257,0.419716636462985,0.11846309564881,0.0116915023448372
0.581055956223841,0.0431744484866765,0.309722731549603,0.0622790901524092,0.00376777358747101
0,0,0,0.947680797341061,0.0523192026589384
0,0,0.971508625101677,0.0282151377363958,0.000276237161927652
0.372552604411021,0.0514685737928873,0.433311455344725,0.12902007629569,0.0136472901556762
0.581055956223841,0.0431744484866765,0.309722731549603,0.0622790901524092,0.00376777358747101
0.174113979978889,0.0442413396293759,0.495774291882636,0.24031033460857,0.0455600539005299
0.326240293274967,0.0514696571593049,0.45499891510907,0.149412706299664,0.0178784281569934
0,0.619480572674368,0.229770837035228,0.129435124683813,0.0213134656065906
0,0.229250289488498,0.371911573669397,0.308986231819307,0.0898519050227979
0,0,0.933428824477332,0.0650365312521265,0.00153464427054137
0.349930649997436,0.0515713140979572,0.444269079663695,0.138658181548091,0.0155707746928205
0.575020975799876,0.0435701958433819,0.313720155166267,0.0637635378591654,0.0039251353313102
0,0,0.868356100023226,0.12545344538028,0.00619045459649362
0,0,0.682474922900669,0.277766884447048,0.0397581926522836
0,0,0.615027700286713,0.32411159745664,0.0608607022566469
0.610370874477987,0.0411406934492472,0.290041957439217,0.0553737149544073,0.00307275967914184
0,0,0.823537546078604,0.165087786780043,0.011374667141353
0.574163967788098,0.0436257451414216,0.314286255254582,0.0639761306106389,0.00394790120525949
0,0,0,0.968773369923262,0.0312266300767379
0,0.622822736960516,0.228000740384799,0.128148929393891,0.0210275932607941
0,0,0.551051243657069,0.362681844148905,0.0862669121940259
0,0,0,0.987454276166277,0.012545723833723
0.363225060755115,0.0515336879386269,0.437908430381058,0.13292279127031,0.01441002965489
0,0,0.755132888973671,0.222164955906107,0.0227021551202223
0.685675331736614,0.0351230583014189,0.237701124485107,0.0397697280899107,0.00173075738694911
0.256978707550038,0.0497710933613724,0.480901222238024,0.185404873733092,0.0269441031174737
0.581055956223841,0.0431744484866765,0.309722731549603,0.0622790901524092,0.00376777358747101
0.340661011742276,0.0515578953634917,0.448563477742837,0.142782370867505,0.0164352442838899
0,0.88717015369515,0.0730389115226929,0.0352574793585664,0.00453345542359109
0.68058090659885,0.0355641667469071,0.241315196205482,0.0407353496108728,0.00180438083788898
0.549858700533713,0.0451325404731242,0.330173755661768,0.0701956708884575,0.00463933244293693
0,0,0.919149369309277,0.0785718510556271,0.00227877963509619
0,0,0,0.927647864032533,0.0723521359674672
0,0,0.715468447223416,0.253201921284816,0.0313296314917681
0,0,0.97338253571768,0.0263765728322199,0.000240891450100019
0,0,0.520348767805911,0.379089128552557,0.100562103641532
0,0,0.858787562414916,0.134055780280753,0.00715665730433147
0,0,0.884399132118402,0.110864416186469,0.00473645169512887
0,0,0.819579677037453,0.168505692629949,0.0119146303325982
0.581055956223841,0.0431744484866765,0.309722731549603,0.0622790901524092,0.00376777358747101
0.121179650862363,0.0378633753248101,0.488790735932239,0.285407723695263,0.066758514185325
0,0.489546683104452,0.293497429067337,0.182153714596428,0.0348021732317823
0,0,0,0,1
0.545773364724528,0.045372545336512,0.332811363004063,0.0712780538262659,0.00476467310863065
0,0,0.885251665219531,0.110083408507354,0.00466492627311495
0,0.400097032786723,0.330059271620146,0.22202165204676,0.0478220435463705
0,0,0.874232549170745,0.120133531080321,0.00563391974893379
0,0,0.917821922095404,0.0798223847712176,0.00235569313337883
0.1967656922544,0.0462130921687286,0.494097135407687,0.223701903376452,0.0392221767927319
0.544959947186965,0.0454198673631645,0.333335361756923,0.0714948652258094,0.00478995846713814
0,0.697327153164387,0.187132880577952,0.100276898107699,0.0152630681499628
0,0.20558449174255,0.373028593025629,0.322411231475663,0.0989756837561584
0.644040094421366,0.0385861901894991,0.266937217687684,0.048034930501467,0.00240156719998398
0,0.86478326577693,0.0871166349236168,0.0425295955891353,0.00557050371031759
0,0.617816222024659,0.230650156389574,0.130076835737721,0.0214567858480463
0.173336644193208,0.0441665355756437,0.495791263906277,0.24090547652456,0.0458000798003107
0,0,0,0.959721194403418,0.0402788055965823
0,0.360245333668952,0.343754895926098,0.240910425806361,0.0550893445985889
0,0,0.816820491810073,0.17088034345572,0.012299164734207
0.640209174574088,0.0388882235261838,0.269591455176186,0.0488394317234824,0.00247171500005973
0,0.416572970275163,0.323885073962163,0.214426506730254,0.0451154490324203
0.396045853973424,0.0511693883820352,0.421278649847676,0.119609674806754,0.0118964329901104
0,0.337720290239169,0.350626747320794,0.251931299654402,0.0597216627856348
0.640209174574088,0.0388882235261838,0.269591455176186,0.0488394317234824,0.00247171500005973
0,0,0.828312226365195,0.160946384111817,0.0107413895229883
0.217444696545583,0.0476902349459387,0.490823661157018,0.209670538958183,0.0343708683932777
0.628852597570753,0.0397666011790194,0.27742228362606,0.0512697420528434,0.00268877557132443
0.593316597442772,0.042346078491904,0.301543534032338,0.0593302774673204,0.00346351256566545
0.198830794486909,0.0463738230539015,0.493839409826814,0.222254608612862,0.0387013640195137
0,0,0.80859854534522,0.177916632456809,0.0134848221979707
0,0.312793858039137,0.357393593038536,0.264437613993547,0.0653749349287797
0,0,0,0.926447448170795,0.073552551829205
0,0,0.867937868310673,0.125831004121331,0.00623112756799543
0.352550023362948,0.0515691363074066,0.443034260819648,0.137511669719479,0.0153349097905177
0,0,0.929838296772837,0.0684541991351032,0.00170750409206024
0,0,0.876763185557593,0.117834001516117,0.00540281292629017
0,0,0.502367228625012,0.388005183823271,0.109627587551716
0,0,0,0.970971139332938,0.0290288606670624
0.337626024263201,0.0515462291149457,0.449943250461054,0.144155761400878,0.016728734759921
0.345780072127504,0.0515694077027154,0.446206666956584,0.140491835396565,0.0159520178166314
0.581055956223841,0.0431744484866765,0.309722731549603,0.0622790901524092,0.00376777358747101
0.556458940217807,0.0447366309696777,0.32589208468224,0.0684697977570551,0.00444254637322093
0,0,0.843615440832218,0.147541035726398,0.00884352344138371
0,0,0.827913281230875,0.161293171478293,0.0107935472908323
0,0,0.84442865973058,0.146823108583866,0.00874823168555449
0,0,0.786317716761243,0.19667927047504,0.0170030127637168
0.344750142870586,0.0515679090264693,0.446683791217186,0.140950086614995,0.0160480702707626
0,0.400097032786723,0.330059271620146,0.22202165204676,0.0478220435463705
0,0.300826888854865,0.360297128890341,0.270563204309562,0.0683127779452323
0.347849170468664,0.0515711832203174,0.445243710102083,0.139575133454514,0.0157608027544218
0.211054085001526,0.0472644598332007,0.491993881351474,0.213899985007477,0.0357875888063226
0,0,0.67821408980117,0.280852267403099,0.040933642795731
0.210739531186314,0.047242810416952,0.49204796357225,0.214110563025569,0.0358591317989147
0.60946118117705,0.0412065241245393,0.290659010504282,0.0555805917366927,0.00309269245743644
0,0,0.852193444133578,0.139940278429183,0.00786627743723827
