"1","2","3","4","5"
0.32713243034433,0.193493903442944,0.419184000384438,0.0576557962319934,0.00253386959629387
0.0249820456411941,0.0470667956666909,0.44420650044599,0.385266217512914,0.0984784407332107
8.51398750963043e-57,2.11732582568443e-53,7.63008981948986e-44,1.23834252549445e-36,1
0.256399300711469,0.182044732746064,0.472492144528127,0.0843487762271017,0.00471504578723825
0.0406980803327633,0.0662227264385231,0.495024919222849,0.332264131905593,0.0657901421002713
0.051259833522685,0.0773077734541403,0.515096259440599,0.30348137148923,0.0528547620933456
0.0304937641287379,0.0542247531346103,0.465986509987012,0.365031977832483,0.0842629949171564
0.265824971624989,0.184073267672877,0.465619608435795,0.0801503664840997,0.00433178578223969
0.147033631740544,0.144239236735311,0.538124818175385,0.156744935484084,0.0138573778646758
0.00158753262323667,0.00554161779051739,0.164122309497859,0.446767252665727,0.381981287422659
0.122581967237661,0.131209744094162,0.54543225789588,0.182393583202186,0.0183824475701109
0.144937060957768,0.143202866537488,0.538925197308695,0.158750306040517,0.014184569155533
0.257974497331948,0.182395326671992,0.471350690695608,0.0836310344919542,0.00464845080849752
0.127228770477465,0.133851619500712,0.544421619821024,0.177109786112627,0.017388204088173
0.224329049243444,0.173842304731908,0.494963729969515,0.100529463900982,0.00633545215415121
0.246669040383505,0.179773569191592,0.479473625268246,0.0889328816090573,0.0051508835476004
0.12748339408598,0.133994021735509,0.544360508714662,0.17682628014871,0.0173357953151402
0.296909580472717,0.18963310419227,0.442367015451505,0.0677987740353833,0.00329152584812453
0.0387882814427795,0.0640841314376528,0.490451911361565,0.337985521181877,0.0686901545761257
0.0532154358430812,0.0792366853001394,0.518015537286032,0.298622604579755,0.0509097369909923
0.0377229929917581,0.062871286511605,0.487748917929953,0.341254030483447,0.0704027720832363
0.32713243034433,0.193493903442944,0.419184000384438,0.0576557962319934,0.00253386959629387
0.0961503810461595,0.11448108993661,0.546537739405985,0.217047738276026,0.0257830513352196
0.102491751235772,0.118778668187256,0.547117472184417,0.207931790954929,0.0236803174376257
0.0572686898312347,0.0831250537678479,0.523424247935505,0.288961097283483,0.0472209111819299
0.145843091066988,0.143652491489563,0.538582802963236,0.157879636559207,0.0140419779210057
0.342024406268224,0.194875437949366,0.407641571800703,0.0532282125166708,0.00223037146503635
0.0470687174599687,0.0730498401552698,0.508071490116537,0.314363415390698,0.0574465368775259
0.0397207740159075,0.065133968330338,0.492727166751144,0.335170166907361,0.06724792399525
0.0497368820983139,0.0757805748861632,0.512670130561134,0.307359570760267,0.0544528416941221
0.26312833931508,0.183509819466759,0.467595897710045,0.0813281681481585,0.00443777535995826
0.324493179304088,0.193214071649915,0.421223297772053,0.0584774388006304,0.00259201247331375
0.344493799788604,0.195072651794195,0.405722860055658,0.0525268707096367,0.00218381765190645
0.0459399066383071,0.0718726089264055,0.505983054302902,0.317410330808099,0.0587940993242866
0.043691037656392,0.0694865840642255,0.501547826069637,0.323636780025903,0.0616377721838426
0.0380248954660965,0.0632164910362588,0.488526481042701,0.340321995966842,0.0699101364881017
0.147033631740544,0.144239236735311,0.538124818175385,0.156744935484084,0.0138573778646758
0.029313240661818,0.0527368564243694,0.46176292764509,0.369201965814457,0.0869850094542659
0.0478537962106479,0.0738607949107116,0.509472649611794,0.312274153647149,0.0565386056196981
0.0486801309007508,0.0747075904246431,0.510903564252633,0.310100953330066,0.0556077610919069
0.0516140161416899,0.077659768413622,0.515640948826575,0.302591439256332,0.0524938273617811
0.151215948551107,0.146264313330677,0.536445733849824,0.152841153310375,0.0132328509580174
0.0361699494256403,0.0610764760133483,0.483598553956279,0.346122014657033,0.0730330059476993
0.166738543065526,0.1533100077462,0.529358759511459,0.139389501324018,0.0112031883527972
0.347420734444696,0.195294860286749,0.40344728823986,0.0517071808195099,0.00212993620918545
0.154168466442927,0.147660662866606,0.53519749342493,0.150160063956375,0.012813313309161
0.140872772859835,0.141152519887412,0.540393494357647,0.162733714766574,0.0148474981285314
0.0506526205333693,0.0767015402682943,0.514145478969159,0.305017531361769,0.0534828288674076
0.00157347331557552,0.00550145717138601,0.163479011778107,0.446416727700777,0.383029330034155
0.152507512421974,0.146878485966756,0.535905911907133,0.151660865512483,0.0130472241916539
0.0288879898150111,0.0521951323968415,0.460187304839471,0.370725330169099,0.0880042427795767
0.333324212920361,0.194108743729757,0.414391617760705,0.0557726639994495,0.00240276158972819
0.255908081639658,0.181934438845932,0.472847491744192,0.0845739572316558,0.0047360305385622
0.287057522863789,0.188052465127125,0.449818607995677,0.0714831420161919,0.00358826199721696
0.287057522863789,0.188052465127125,0.449818607995677,0.0714831420161919,0.00358826199721696
0.261636272945024,0.18319227270875,0.468686012288263,0.0819877879417081,0.00449765411625558
0.0342736851711766,0.0588402660303039,0.478167343580699,0.352238134272782,0.0764805709450387
0.1550397833773,0.14806756968521,0.534819604639,0.149380323027537,0.0126927192709538
0.0976685128048873,0.115527609448588,0.546733858179958,0.214813289693396,0.0252567298731706
0.0515817375337413,0.0776277381868283,0.515591606754541,0.302672358974398,0.0525265585504916
0.0402730927159078,0.0657507048527473,0.49403640244105,0.333522300131429,0.0664174998588664
0.0278960947214698,0.050919351959766,0.456394567749655,0.374323196259107,0.0904667893100023
0.334879365801692,0.194254073538004,0.413186327024638,0.0553092749822635,0.00237095865340242
0.0495178325435597,0.0755590655870324,0.512309664270902,0.307924382464996,0.0546890551335104
0.0488653010143444,0.0748964048219873,0.511218183301507,0.309617552262855,0.0554025585993064
0.313592124465727,0.191943838185098,0.429620219293708,0.0619963480277476,0.00284747002771912
0.0968810922722234,0.114986219275933,0.546636825068761,0.215968033261583,0.0255278301214996
2.23245827693855e-56,5.38650971125424e-53,1.77267637253035e-43,2.66785981713455e-36,1
0.325811713648815,0.1933552071926,0.420204768914546,0.058065518230847,0.00256279201319176
0.0941874596468861,0.113110981931284,0.546227355500039,0.219987623607473,0.0264865793143176
0.149079556254324,0.145236850744752,0.537316849600344,0.154819443020505,0.0135473003800749
0.0489580969092807,0.0749908984776408,0.511375032521126,0.309375790281196,0.055300181810756
0.125834665736111,0.133067634810098,0.54474586317943,0.178672959122594,0.0176788771517669
0.22506082494151,0.174053070924693,0.494470205128794,0.100123882607892,0.00629201639711141
0.140463829678682,0.140943153455965,0.540534921200383,0.163141711945963,0.0149163837190064
0.0504303599252705,0.0764787562212931,0.513792025593616,0.305583151166427,0.0537157070933931
0.052753919171765,0.0787846604133637,0.517345749325191,0.299757269799421,0.05135840129026
0.0355683511201947,0.060372468898884,0.481920357429747,0.34804147167373,0.0740973508774441
0.337105927900398,0.194455843581467,0.411459654932294,0.0546523869317935,0.00232618665404694
0.368270974374382,0.196522828765027,0.38720915049991,0.0462134980066651,0.00178354835401628
0.0508118552494265,0.0768608584552281,0.514396903519222,0.304613405178236,0.0533169775978878
0.2393136841699,0.177933424858081,0.484663752086389,0.0925785941287962,0.00551054475683421
0.292803254441679,0.18899419522716,0.445480652247079,0.0693100457638408,0.00341185232024144
0.221778497984703,0.173098669910243,0.496675594759921,0.101957662593143,0.00648957475198897
0.147807444772957,0.144618139401987,0.537822304656353,0.156013062006834,0.0137390491618685
0.0411805341571091,0.0667559374481682,0.496127626820465,0.330846035934532,0.0650898656397254
0.0243122226535743,0.0461578349898207,0.441160903602449,0.387862638506861,0.100506400247295
0.0590067061075848,0.0847492355704841,0.52550091506543,0.284977490891426,0.0457656523650756
0.290812334706564,0.188674226008915,0.446986343853338,0.0700552027198554,0.00347189271132831
0.152507512421974,0.146878485966756,0.535905911907133,0.151660865512483,0.0130472241916539
0.352054766999844,0.19562126275468,0.39984192581265,0.0504346291580021,0.00204741527482455
0.123140672200792,0.131531758372809,0.545321517251828,0.181747056256816,0.0182589959177543
0.0499881703251625,0.0760341071711732,0.513080026375915,0.3067138237155,0.0541838724122494
0.275219335055364,0.185932615472735,0.45867756762043,0.076186667400066,0.00398381445140505
0.00141057354332591,0.00503048623943648,0.155734989767453,0.441918162675465,0.39590578777432
0.128761826403451,0.134705358139793,0.544045006955473,0.175412037782907,0.0170757707183752
0.253557083891089,0.181400197260992,0.474544086234903,0.0856607113679085,0.00483792124510773
0.331218227123535,0.193906137500355,0.416022828371686,0.0564062668601077,0.00244654014431689
0.345843548718181,0.195176674059289,0.404673658194524,0.0521473214305357,0.00215879759746995
0.0880365886221808,0.1086893270859,0.544808637928946,0.229590807783042,0.0288746385799312
0.0428500984748912,0.0685799761635765,0.499789778729361,0.326020479647712,0.0627596669844596
0.0449484508398569,0.0708274723330733,0.504074075117528,0.320129273431453,0.0600207282780889
0.0546867797048357,0.0806648917682759,0.520075037721961,0.295053355415849,0.0495199353890785
0.0487109535757002,0.0747390434599791,0.510956085926479,0.310020397960331,0.0555735190775108
0.0304516854371629,0.0541721144611471,0.465839649122734,0.365179141784461,0.0843574091944956
0.00155336574830909,0.0054438895039157,0.162552377793989,0.44590568656547,0.384544680388317
0.0450931635980832,0.0709806801929397,0.50435717956697,0.319729881637406,0.0598390950046013
0.0300751376954245,0.0536997773556089,0.464513498807753,0.36650087345322,0.0852107126879942
0.291649845201676,0.188809641848417,0.446353275006548,0.0697407401265643,0.00344649781679529
0.342024406268224,0.194875437949366,0.407641571800703,0.0532282125166708,0.00223037146503635
0.0472489666935055,0.073236590841813,0.508396847638228,0.313881592024353,0.0572360028021004
0.0479450529181595,0.0739546503591385,0.509632858529855,0.312032862177005,0.0564345760158418
0.0302838514339094,0.0539618731819121,0.465251225322018,0.365767189837452,0.0847358602247082
0.143827159360245,0.142648393226434,0.539337269785553,0.159825400551903,0.0143617770758644
0.162727165266455,0.151557947835688,0.531308777817306,0.14271802803271,0.0116880810478408
0.281674795507189,0.18711891241891,0.453860714907502,0.0735830430613736,0.00376253410502536
0.283532531715734,0.187446773351871,0.452468180639288,0.0728511457757908,0.00370136851731684
0.0504303599252705,0.0764787562212931,0.513792025593616,0.305583151166427,0.0537157070933931
0.0466502796835422,0.0726150102936133,0.507307647414634,0.315486910355275,0.0579401522529356
0.232359331488472,0.176092929411318,0.48949288887198,0.0961778063808038,0.00587704384742604
0.0529842789872961,0.079010526308303,0.51768151351617,0.299190003634312,0.0511336775539182
0.262630501209343,0.183404327814034,0.467959894159872,0.0815476214677592,0.00445765534899223
0.0503986719417777,0.0764469548813536,0.513741393492156,0.305663938811556,0.0537490408731566
0.250246028863652,0.180629787256916,0.476921588949085,0.0872169838410485,0.00498561108929874
0.0492995536570956,0.0753378667667773,0.511947515053535,0.308488986549959,0.0549260779726332
0.0504303599252705,0.0764787562212931,0.513792025593616,0.305583151166427,0.0537157070933931
0.0515494749783401,0.0775957140871078,0.515542229621112,0.3027532753772,0.0525593059362401
0.336771577189949,0.194426017098064,0.411719013614322,0.0547505388159392,0.00233285328172494
0.147877926379488,0.144652555210434,0.537794563377542,0.155946619675996,0.0137283353565395
0.141214175254466,0.141326874787192,0.54027452304551,0.162394124303896,0.0147903026089358
0.157085478146198,0.149013769473906,0.533915869434096,0.147569736542465,0.0124151464033343
0.0428500984748912,0.0685799761635765,0.499789778729361,0.326020479647712,0.0627596669844596
0.297015216542659,0.18964916874835,0.442286777964081,0.0677603453753446,0.00328849136956477
0.329780354163774,0.193763956579986,0.417135855548698,0.0568429254198399,0.00247690828770186
0.044890670511678,0.070766236599579,0.503960605317297,0.320288985212563,0.060093502358883
0.103586709945963,0.119501462443069,0.547156444605294,0.206413910412662,0.0233414725930119
0.12388838491705,0.131960822962155,0.545168611877802,0.180886687094141,0.0180954931488509
0.0245220972701983,0.0464436241124066,0.442125768994395,0.387045782808938,0.0998627268140629
0.0389424467606279,0.0642584497162561,0.490833806422457,0.337517156932241,0.0684481401684183
0.287473588312194,0.188122546949787,0.449505262348676,0.0713234409897708,0.0035751613995717
0.0278960947214698,0.050919351959766,0.456394567749655,0.374323196259107,0.0904667893100023
0.0527210755920774,0.0787524178520797,0.51729764114699,0.299838296695471,0.0513905687133823
0.290812334706564,0.188674226008915,0.446986343853338,0.0700552027198554,0.00347189271132831
0.146542622164143,0.143997806007096,0.538314803796193,0.15721163337332,0.0139331346592481
0.256202754138493,0.182000656986198,0.472634361227651,0.0844387979327572,0.0047234297149007
0.256399300711469,0.182044732746064,0.472492144528127,0.0843487762271017,0.00471504578723825
0.334990556975093,0.194264325459176,0.413100127559825,0.0552762883454488,0.00236870166045722
0.14661269892923,0.144032310786542,0.538287783239337,0.157144916598783,0.013922290446108
0.0387882814427795,0.0640841314376528,0.490451911361565,0.337985521181877,0.0686901545761257
0.0565362696640184,0.0824330085183926,0.52250714833859,0.29066773110354,0.0478558423754593
0.0596916608226849,0.0853824898711499,0.526282155790786,0.283432535053696,0.0452111584616834
0.0488653010143444,0.0748964048219873,0.511218183301507,0.309617552262855,0.0554025585993064
0.320769306000529,0.192800989274731,0.42409672369598,0.0596565352270904,0.00267644580166904
0.335991927434336,0.194355819071353,0.412323694560569,0.054980082866104,0.00234847606763777
0.0327045039447442,0.0569506736271653,0.473343467795784,0.35744900285735,0.0795523517749565
0.0464125157562423,0.0723671178114134,0.50686823690416,0.316128418145836,0.0582237113823483
0.048036448873587,0.0740485642310361,0.509792763574024,0.31179152599272,0.0563306973286331
0.258467773748955,0.182504151390992,0.470992635953365,0.0834076262234708,0.00462781268321744
0.308953539133819,0.191346521814325,0.433178485860158,0.0635573180783838,0.00296413511331395
0.291230949408773,0.188742059559957,0.446669974887686,0.0698978418137972,0.00345917432978704
0.052753919171765,0.0787846604133637,0.517345749325191,0.299757269799421,0.05135840129026
0.150002838410304,0.145682664448654,0.536943761977259,0.153960479434376,0.0134102557294057
0.260346670113508,0.182914472328899,0.469626208059547,0.0825625179623698,0.00455013153567663
0.332104312260751,0.193992198431054,0.415336646105982,0.0561388233339051,0.00242801986830787
0.0468591239470589,0.0728322636155899,0.507690385665768,0.314925297332272,0.0576929294393109
0.00152893970002818,0.0053737493188371,0.161416091028244,0.445269070659794,0.386412149293097
0.0360248112837496,0.06090708615128,0.483197386609779,0.346583340518748,0.0732873754364431
0.289975950312971,0.188537806273204,0.44761808502582,0.0703707028306205,0.00349745555738412
0.339673542873071,0.194679354005846,0.409467111242473,0.0539043456799637,0.00227564619864629
0.332436836702859,0.194024189015323,0.415079085827022,0.0560387809243438,0.0024211075304531
0.336103262873908,0.194365899013501,0.412237353654274,0.054947246000727,0.00234623845759019
0.0495490781132552,0.0755906907886798,0.51236126258145,0.307843707675862,0.0546552608407531
0.222778519190806,0.173391911394244,0.496005956948182,0.10139497705857,0.00642863540819782
0.22123411449988,0.172938124277463,0.497039273056784,0.102265458857288,0.00652302930858473
0.318369285270951,0.192523349943202,0.425946002502818,0.0604289677379692,0.00273239454506014
0.256595925827978,0.18208875271906,0.472349824214647,0.0842588221025012,0.00470667513581413
0.058043974619694,0.083852665199483,0.524367619730146,0.287172734781857,0.0465630056688198
0.051356236470578,0.0774036983428349,0.515245231136126,0.303238703384059,0.0527561306664018
0.224329049243444,0.173842304731908,0.494963729969515,0.100529463900982,0.00633545215415121
0.109188935331737,0.123114510271741,0.547098721181064,0.198889977495524,0.0217078557199353
0.341240098922482,0.19481092569539,0.408250739196229,0.0534528646491932,0.00224537153670612
0.00160012580601919,0.00557752750492986,0.164695351232521,0.447076576215604,0.381050419240926
0.146122633731993,0.143790675281756,0.538476084862053,0.157612253135938,0.0139983529882605
0.0571986154197363,0.0830590392065124,0.523337602575482,0.289123654392087,0.0472810884061821
0.0546867797048357,0.0806648917682759,0.520075037721961,0.295053355415849,0.0495199353890785
0.166738543065526,0.1533100077462,0.529358759511459,0.139389501324018,0.0112031883527972
0.0560521041359272,0.0819730154932925,0.521886781105445,0.291805185279073,0.0482829139862632
0.0583635040454691,0.0841510853390143,0.524748390121006,0.286441028859567,0.046295991634943
0.138027103840735,0.139683822727517,0.541352751070943,0.165600828398132,0.0153354939626732
0.320878577043985,0.19281341643039,0.424012476907717,0.0596216021834887,0.00267392743441919
0.0476716999963363,0.0736732596038001,0.509151321405616,0.312756600889358,0.0567471181048902
0.261735608778836,0.183213542411451,0.468613513274274,0.0819436956688624,0.00449363986657625
0.116254617835882,0.12747700993957,0.546466409775245,0.1899406307376,0.019861331711703
0.0468292432201648,0.0728012076150516,0.507635808706874,0.315005544344401,0.0577281961135082
0.0250892086235586,0.0472113740197365,0.444684740597867,0.384853681892948,0.0981609948658895
0.0485569960762573,0.0745818425082009,0.510693137274828,0.310423128431884,0.0557448957088291
0.257974497331948,0.182395326671992,0.471350690695608,0.0836310344919542,0.00464845080849752
0.12122373820268,0.130421854123721,0.545688732207747,0.183978460692685,0.018687214773167
0.167120241080697,0.15347430750587,0.529169252274992,0.139077839501372,0.0111583596370697
0.315976863601189,0.192237620507333,0.42778722462396,0.0612088943877326,0.00278939687978552
0.0310879400273246,0.0549649800186572,0.468032188807372,0.362965380942126,0.0829495102045201
0.150358959992179,0.145853896439779,0.536798475391994,0.153630802277074,0.0133578658989736
0.0241384812274385,0.0459205599739439,0.440354692441854,0.388541163576567,0.101045102780197
0.0465015629763165,0.0724600277787366,0.507033264910548,0.315887895117477,0.0581172492169224
0.0526554371071576,0.0786879507601633,0.517201318496985,0.30000034200208,0.051454951633614
0.163027702669647,0.151690833921608,0.531165367572133,0.142465235746281,0.0116508600903318
0.163403881483052,0.151856793585756,0.530985238607257,0.142149607691628,0.0116044786323074
0.0266680241664182,0.0493153221877284,0.45145759608837,0.378866024684676,0.0936930328728067
0.343707358357459,0.195010814461228,0.406334041907123,0.0527492514849653,0.00219853378922419
0.0559487810543024,0.0818745894153412,0.521752915060996,0.292048889653698,0.0483748248156619
0.0571986154197363,0.0830590392065124,0.523337602575482,0.289123654392087,0.0472810884061821
0.0469787998130645,0.0729565535520661,0.507908359954435,0.314604254547315,0.0575520321331191
0.0480974569375181,0.0741112058968621,0.509899197963758,0.31163061055395,0.0562615286479121
0.0572686898312347,0.0831250537678479,0.523424247935505,0.288961097283483,0.0472209111819299
0.0504303599252705,0.0764787562212931,0.513792025593616,0.305583151166427,0.0537157070933931
0.291230949408773,0.188742059559957,0.446669974887686,0.0698978418137972,0.00345917432978704
0.229294689072996,0.175250082352542,0.491594755809361,0.0978131327194393,0.00604734004566221
0.22159695185052,0.173045201307718,0.496796944902307,0.102060192571089,0.00650070936836589
0.0488962173499768,0.0749278963101125,0.51127050049792,0.309536969453916,0.0553684163880749
0.324054155254099,0.193166485349775,0.42156230488118,0.0586152351945989,0.00260181932034709
0.148089506184971,0.144755772523117,0.537711099677656,0.155747384439929,0.0136962371743271
0.273794742677005,0.185660885567368,0.459735671947097,0.0767741567882567,0.00403454302027328
0.0883295075932306,0.108904440326341,0.54489247601996,0.229119445227031,0.0287541308334365
0.0463532270272766,0.0723052110224978,0.506758052388062,0.31628873832748,0.058294771234683
0.324273636740961,0.193190312289975,0.421392832883621,0.0585463063714554,0.00259691171398779
0.259060349712509,0.182634276819284,0.470562125801359,0.0831400927730478,0.00460315489380125
0.335991927434336,0.194355819071353,0.412323694560569,0.054980082866104,0.00234847606763777
0.122581967237661,0.131209744094162,0.54543225789588,0.182393583202186,0.0183824475701109
0.292488478314039,0.188944051489455,0.445718886513376,0.0694273137623855,0.0034212699207441
0.340792230756064,0.194773680153834,0.408598542287986,0.0535815628155241,0.00225398398659094
0.124388622074339,0.132246677770577,0.545063343107983,0.180314171009361,0.0179871860377407
0.155112539615286,0.148101441308617,0.534787858193732,0.149315446636255,0.0126827142461102
0.222505531595168,0.173312076989923,0.496188956172995,0.101548230430923,0.0064452048109922
0.0244519707469767,0.0463482327158713,0.441804462411633,0.387318384904235,0.100076949221284
0.0491441110526281,0.0751800582896749,0.511687808816239,0.30889214535507,0.0550958764863874
0.223781105002808,0.173683731949707,0.495332588278409,0.100834371827168,0.00636820294190821
0.0499881703251625,0.0760341071711732,0.513080026375915,0.3067138237155,0.0541838724122494
2.18969681599701e-56,5.28654595875586e-53,1.74295576677012e-43,2.62711294874475e-36,1
0.343033803480228,0.194957132871397,0.406857406830848,0.0529404377193151,0.0022112190982122
0.0517756501438691,0.0778200113373979,0.515887132888548,0.302186791430118,0.0523304142000671
0.337440407338301,0.194485514928473,0.411200171055615,0.0545543693966563,0.00231953728095469
0.333102281148309,0.194087707854156,0.414563571849454,0.0558391029046563,0.00240733624342382
0.325042302494881,0.193273174217968,0.420799184713762,0.0583055376834742,0.00257980088991561
0.341352100946149,0.194820193752842,0.408163755096975,0.0534207271158619,0.00224322308817226
0.0575848610642505,0.0834223922312632,0.523812330249571,0.288229543460409,0.0469508729945063
0.0523282168816944,0.0783659768014495,0.516717582121907,0.300810395185636,0.0517778290093127
0.0501457389020744,0.0761927693498234,0.513335089942043,0.306310100590208,0.0540163012158514
0.148442589183214,0.144927700553668,0.537571194341676,0.155415631835906,0.0136428840855352
0.299449575517704,0.19001424402492,0.440435878282475,0.0668809130419141,0.00321938913298636
0.0421593512533803,0.0678292545835106,0.498302971193491,0.3280017419525,0.0637066810171182
0.0472188867932591,0.0732054493132677,0.508342705055767,0.313961909253172,0.0572710495845352
0.33543546623211,0.194305161261357,0.41275518769516,0.0551444916885925,0.00235969312278062
0.05458544969631,0.0805671538083316,0.519936824130867,0.295296849884723,0.0496137224797693
0.2753212311213,0.185951912706344,0.458601815110705,0.0761448281277781,0.00398021293387341
0.290184940649486,0.188572005195898,0.44746027464087,0.0702917304656121,0.00349104904813413
0.0308533812451227,0.0546734458063175,0.467230847415055,0.363778652247367,0.0834636732861374
0.269442140746968,0.184808100083795,0.462956831616626,0.0785989399534328,0.00419398759917833
0.0508118552494265,0.0768608584552281,0.514396903519222,0.304613405178236,0.0533169775978878
0.146402536087946,0.14392878183997,0.53836872460907,0.157345112528693,0.0139548449343209
0.147103865918835,0.144273707202439,0.538097517101209,0.156678325262986,0.0138465845145312
0.0597641222463398,0.0854492590577015,0.526363607045279,0.283269905186182,0.0451531064644978
0.14633252677545,0.143894262467218,0.538395624852976,0.157411874900345,0.0139657110040107
0.352054766999844,0.19562126275468,0.39984192581265,0.0504346291580021,0.00204741527482455
0.0445165544616329,0.0703688664152229,0.503219883566933,0.32132647638054,0.0605682191756719
0.0490200390194099,0.0750539262131179,0.511479427975764,0.309214593130812,0.0552320136608966
0.124639269630667,0.132389547323853,0.545009709735457,0.180028233229558,0.0179332400804659
0.058043974619694,0.083852665199483,0.524367619730146,0.287172734781857,0.0465630056688198
0.352054766999844,0.19562126275468,0.39984192581265,0.0504346291580021,0.00204741527482455
0.257087831971936,0.182198558284741,0.471993570890233,0.0840342323797754,0.0046858064733144
0.124953075237683,0.132568079115535,0.544941731855117,0.179671112079337,0.0178660017123292
0.331993500136811,0.193981500675524,0.415422470282709,0.0561722009593963,0.00243032794555997
0.341128110882955,0.194801640304241,0.408337709981066,0.053485016982341,0.00224752184939758
0.144937060957768,0.143202866537488,0.538925197308695,0.158750306040517,0.014184569155533
0.0482808532210831,0.0742992862380067,0.510217689046528,0.311147747187336,0.0560544243070465
0.30104205817362,0.190247767662942,0.43922321360262,0.0663119314366182,0.00317502912419954
0.06009105179122,0.0857499796642684,0.526728283774464,0.282538070449396,0.0448926143206512
0.151215948551107,0.146264313330677,0.536445733849824,0.152841153310375,0.0132328509580174
0.339673542873071,0.194679354005846,0.409467111242473,0.0539043456799637,0.00227564619864629
0.0873559286054702,0.108187664691295,0.544607198127871,0.230691751966736,0.0291574566086283
0.0523282168816944,0.0783659768014495,0.516717582121907,0.300810395185636,0.0517778290093127
0.0462348319904208,0.0721814772000511,0.506537285756214,0.316609309758648,0.0584370952946667
0.356710875954997,0.195918158154145,0.396216778312672,0.0491863812501718,0.00196780632801374
0.228185917686103,0.174940283613444,0.492351024436751,0.0984124324135245,0.00611034185017756
0.00159696900413216,0.00556853137377531,0.164551983122224,0.446999444502112,0.381283071997757
0.145912943014715,0.143687044652183,0.538556183660696,0.157812767955574,0.0140310607168319
0.125960960504226,0.133138959004982,0.544717216957365,0.178530581450506,0.017652282082921
0.0395119935969242,0.0648998583863303,0.492224907805649,0.335796860960865,0.0675663792502312
0.327903850620553,0.193573680961069,0.418587528840062,0.0574178048108321,0.00251713476748383
0.243119617030538,0.178899060438857,0.481988219764059,0.0906720881792604,0.00532101458728484
0.00141057354332591,0.00503048623943648,0.155734989767453,0.441918162675465,0.39590578777432
0.328896756262553,0.193675028010974,0.417819539807697,0.0571129105099382,0.00249576540883811
0.343819665827189,0.195019700549108,0.406246768965549,0.0527174386627152,0.0021964259954399
0.223051697542657,0.173471640109481,0.49582268022107,0.101241878419861,0.00641210370693124
0.0501457389020744,0.0761927693498234,0.513335089942043,0.306310100590208,0.0540163012158514
0.0474599562529083,0.0734547650284367,0.50877490717607,0.313319223830701,0.0569911477118842
0.33543546623211,0.194305161261357,0.41275518769516,0.0551444916885925,0.00235969312278062
0.0579731551184714,0.0837864093284969,0.524282596954481,0.28733532895891,0.04662250963964
0.0500826640222723,0.0761292856362168,0.513233168144357,0.306471601796616,0.0540832804005378
0.0500196524145218,0.076065827041242,0.513131108160158,0.306633087080269,0.054150325303809
0.266426119786864,0.184197049188471,0.465177997784432,0.0798902911806605,0.00430854205957232
0.0462939991187835,0.0722433308112381,0.506647735306957,0.31644903557048,0.0583658991925419
0.331993500136811,0.193981500675524,0.415422470282709,0.0561722009593963,0.00243032794555997
0.362189139018771,0.196228067461056,0.39194904830042,0.0477555611441428,0.0018781840756108
0.00162078401673477,0.00563630743267214,0.165628991248492,0.447574689574063,0.379539227728037
0.0392522742527996,0.0646078730368334,0.491594382234429,0.336579384993533,0.0679660854824055
0.058043974619694,0.083852665199483,0.524367619730146,0.287172734781857,0.0465630056688198
0.0359765380326594,0.0608506828803879,0.483063438988628,0.346737024392798,0.0733723157055267
0.295748720072777,0.189455342913976,0.443248315389196,0.0682225499401914,0.00332507168385932
0.297015216542659,0.18964916874835,0.442286777964081,0.0677603453753446,0.00328849136956477
0.0497682379037029,0.0758122443544411,0.512721488139197,0.307278866710628,0.054419162892031
0.222869557451017,0.173418499384758,0.495944895522053,0.101343926986566,0.00642312065560569
0.0410192036024363,0.0665779439275835,0.49576116481302,0.331319042149859,0.0653226455071012
0.248599140139501,0.180238680424029,0.478098749506338,0.0880024785830533,0.00506095134707929
0.0988318692936298,0.116321941600694,0.546859078558839,0.213123627719689,0.024863482827149
0.28924504044904,0.188417617317853,0.448169763139469,0.0706476175207357,0.00351996157290324
0.0479450529181595,0.0739546503591385,0.509632858529855,0.312032862177005,0.0564345760158418
0.0481279842126562,0.0741425364462153,0.509952364432057,0.311550145482961,0.0562269694261103
0.328234684468403,0.193607616408392,0.418331669143822,0.0573160366419614,0.00250999333742041
0.00152288817185552,0.00535633634912815,0.161132742517947,0.445108603177493,0.386879429783576
0.0385835013799876,0.0638521159900527,0.489941057800401,0.338609458546751,0.0690138662828076
0.263925881985883,0.183677860805066,0.467012209490542,0.0809779156437024,0.00440613207480756
0.0295996194132673,0.0530999379163348,0.462807542871097,0.368182463967803,0.0863104358314978
0.00147525680091341,0.00521877381612674,0.158876401058215,0.443806043366621,0.390623524958124
0.25995052906028,0.182828512859189,0.4699146399082,0.0827399301284282,0.00456638804390264
0.00158126996639818,0.00552373760794676,0.163836219620954,0.446611794925523,0.382446977879178
0.285707283318741,0.187822985684047,0.450834621683883,0.0720039722665619,0.00363113704676754
0.0350457529867349,0.0597568376344097,0.480429133308251,0.349724535887505,0.0750437401830992
0.037924043054466,0.0631013049498436,0.488267760138765,0.340632839103677,0.0700740527532484
0.00127215542892321,0.00462146989077259,0.148684857969619,0.437354513891956,0.40806700281873
0.0539471366641237,0.0799493655362946,0.51905395584233,0.296838538643566,0.0502110033136858
0.255908081639658,0.181934438845932,0.472847491744192,0.0845739572316558,0.0047360305385622
0.120855156049429,0.130206799155778,0.545755172888112,0.184411796190627,0.0187710757160543
0.337440407338301,0.194485514928473,0.411200171055615,0.0545543693966563,0.00231953728095469
0.048434110411289,0.0744561974970366,0.510482166394015,0.310745228641668,0.0558822970559909
0.150644262546596,0.145990787117669,0.536681530443292,0.153367338501227,0.0133160813912166
0.145215434950537,0.143341298043292,0.538820568839368,0.158482135519891,0.0141405626469127
0.00148703547344965,0.00525287573681743,0.159438742429714,0.444134811424311,0.389686534935707
0.301148359283446,0.190263207220119,0.439142214973698,0.0662741270811753,0.00317209144156161
0.127038035105416,0.1337447889871,0.544467017672931,0.177322558825101,0.0174275994094515
0.170348721649115,0.154847447751186,0.527539935635659,0.136475978268403,0.0107879166956368
0.253264009040481,0.181332857337119,0.474755098427701,0.0857972411815295,0.0048507940131689
0.118963380386933,0.129094561031885,0.546074479009732,0.18665810327637,0.0192094762950794
0.0476716999963363,0.0736732596038001,0.509151321405616,0.312756600889358,0.0567471181048902
0.0995240558648102,0.116791459404527,0.546923512028828,0.212127440228595,0.0246335324732392
0.288306573676855,0.188261964401715,0.448877552279497,0.0710048207042254,0.00354908893770833
0.0449773634456512,0.0708581003645301,0.504130761180531,0.320049407882407,0.0599843671268805
0.0500196524145218,0.076065827041242,0.513131108160158,0.306633087080269,0.054150325303809
0.0392781835072095,0.0646370389150852,0.491657569545588,0.336501175147783,0.0679260328843342
0.0596192682561964,0.0853157417056085,0.52620055488102,0.283595164663798,0.0452692704933764
0.0306625608395637,0.0544356210027281,0.466572969502246,0.364442717871688,0.0838861307837739
0.330996853180872,0.193884451324238,0.41619422661626,0.0564732787426263,0.00245119013600426
0.0511315202738667,0.0771799598592666,0.514897141219886,0.303804880508302,0.0529864981386787
0.048036448873587,0.0740485642310361,0.509792763574024,0.31179152599272,0.0563306973286331
0.00159224444250818,0.00555506056794925,0.164337065525878,0.446883497896001,0.381632131567664
0.255908081639658,0.181934438845932,0.472847491744192,0.0845739572316558,0.0047360305385622
0.0503986719417777,0.0764469548813536,0.513741393492156,0.305663938811556,0.0537490408731566
0.00159224444250818,0.00555506056794925,0.164337065525878,0.446883497896001,0.381632131567664
0.0561210697541457,0.0820386611603688,0.521975842937082,0.291642708401984,0.0482217177464193
0.0491751682178826,0.0752116072503658,0.511739818529258,0.308811522353975,0.0550618836485192
0.147596134930653,0.144514861968595,0.537905288542121,0.156212480693044,0.0137712338655869
0.0471287391798377,0.0731120641099735,0.508180076450649,0.314202828994838,0.0573762912647016
0.0485569960762573,0.0745818425082009,0.510693137274828,0.310423128431884,0.0557448957088291
0.0474599562529083,0.0734547650284367,0.50877490717607,0.313319223830701,0.0569911477118842
0.135619368399844,0.138419371818819,0.542117728676413,0.168078854347865,0.0157646767570592
0.306699147471489,0.191043770513006,0.434904200779595,0.0643302191967535,0.0030226620391558
0.145285084624567,0.143375894112961,0.538794311177489,0.158415130666648,0.0141295794183354
0.160187157515518,0.150424237931271,0.532502823116593,0.144877133292742,0.0120086481438754
0.0483727609132058,0.0743934136413645,0.510376477219037,0.310906250374979,0.0559510978514132
0.054248754966006,0.0802417389663128,0.519473772804064,0.29610836307529,0.0499273701883277
0.146472567883945,0.143963296355751,0.538341784254792,0.157278365351486,0.0139439861540264
0.249470302503225,0.180446224131092,0.477476516686639,0.0875860166954352,0.0050209399836092
0.0579024035469601,0.0837201752398862,0.52419742629295,0.287497920306422,0.0466820746137817
0.0466800687714199,0.0726460266565533,0.507362424182633,0.315406696576143,0.057904783813251
0.0588991212626752,0.0846494232833234,0.525376330709742,0.285221423148233,0.0458537015960262
0.294905770062236,0.189324853740953,0.443887741531383,0.068531973281922,0.00334966138350523
0.332436836702859,0.194024189015323,0.415079085827022,0.0560387809243438,0.0024211075304531
0.342809395851752,0.194939099995014,0.407031757523431,0.0530042843773614,0.00221546225244118
0.00158283351589109,0.00552820299573876,0.163907715133831,0.446650709058081,0.382330539296458
0.0398779472469747,0.0653098543929132,0.493102595602997,0.334699757733451,0.0670098450236639
0.303277922775474,0.190568609993523,0.437518231529331,0.0655213865114443,0.00311384919022795
0.100703508441051,0.117586217476182,0.547016365936834,0.210445456589757,0.0242484515561757
0.125330369983625,0.132782235194131,0.544858785865867,0.179243009341542,0.0177855996148342
0.0598729435731478,0.0855494521811932,0.526485503165551,0.283025960135083,0.0450661409450246
0.287473588312194,0.188122546949787,0.449505262348676,0.0713234409897708,0.0035751613995717
0.118842052449137,0.129022742277083,0.546093699089564,0.186803449555843,0.0192380566283732
0.0472188867932591,0.0732054493132677,0.508342705055767,0.313961909253172,0.0572710495845352
0.339673542873071,0.194679354005846,0.409467111242473,0.0539043456799637,0.00227564619864629
0.056709982412691,0.0825975584028829,0.522726971922372,0.290261435526366,0.0477040517356884
0.324273636740961,0.193190312289975,0.421392832883621,0.0585463063714554,0.00259691171398779
0.367695776382976,0.196497153685691,0.387657487338144,0.0463572953278443,0.0017922872653453
0.227816998180236,0.174836628591967,0.492602153304754,0.0986127486084263,0.00613147131461678
0.0237428308949233,0.0453778734423162,0.438493056352791,0.390094140097992,0.102292099211978
0.0430730594892155,0.0688211281604283,0.500261389898198,0.325385471853611,0.0624589505985471
0.148018957084887,0.144721371778472,0.537738960881951,0.155813780888069,0.0137069293666211
0.0598729435731478,0.0855494521811932,0.526485503165551,0.283025960135083,0.0450661409450246
0.293643425430425,0.189127217615535,0.44484446236376,0.0689980420914509,0.00338685249882931
0.056709982412691,0.0825975584028829,0.522726971922372,0.290261435526366,0.0477040517356884
0.339673542873071,0.194679354005846,0.409467111242473,0.0539043456799637,0.00227564619864629
0.101405232017873,0.118055935709301,0.547061665417187,0.209453877666696,0.0240232891889428
0.261437659338405,0.183149690574914,0.468830934938572,0.0820760229244102,0.00450569222369868
0.331218227123535,0.193906137500355,0.416022828371686,0.0564062668601077,0.00244654014431689
0.0500826640222723,0.0761292856362168,0.513233168144357,0.306471601796616,0.0540832804005378
0.104967313548693,0.12040496205932,0.547181481587008,0.204522579437225,0.0229236633677543
0.335212982707885,0.194284777742306,0.412927685996351,0.0552103600457294,0.00236419350772876
0.325811713648815,0.1933552071926,0.420204768914546,0.058065518230847,0.00256279201319176
0.048036448873587,0.0740485642310361,0.509792763574024,0.31179152599272,0.0563306973286331
0.251996079080824,0.181039621710453,0.475666736992983,0.0863906327190648,0.00490692949667637
0.0510034627497952,0.0770522450359709,0.514697464444774,0.304128333322044,0.0531184944474163
0.0506526205333693,0.0767015402682943,0.514145478969159,0.305017531361769,0.0534828288674076
0.0482502483849504,0.0742679233502772,0.510164691858977,0.311228236523955,0.0560888998818412
0.32537195902145,0.193308432775118,0.420544528759214,0.058202580525278,0.00257249891893907
0.131866266901536,0.136407692889157,0.543220312166632,0.172040449656596,0.0164652783860785
0.0487726457233243,0.0748019687768544,0.511061027109531,0.3098592734081,0.0555050849821912
0.317172119314039,0.192381494185951,0.426867631326691,0.060817992230905,0.00276076294241501
0.331993500136811,0.193981500675524,0.415422470282709,0.0561722009593963,0.00243032794555997
0.0877443945352187,0.108474282321285,0.544723303577034,0.230062453720221,0.0289955658462423
0.0499567040388113,0.0760023935902744,0.513028910078414,0.306794556327363,0.0542174359651374
0.167196648234759,0.153507146555665,0.529131236630726,0.139015555944558,0.0111494126342913
0.0836823751121562,0.105435903735782,0.543354081755935,0.236773256586087,0.0307543828100391
0.0513240861435723,0.0773717172253192,0.515195608875523,0.303319596185245,0.0527889915703401
0.135486454218104,0.138348981335088,0.542158673186244,0.168217071890045,0.0157888193705201
0.0365348902817823,0.06150113019988,0.484597022352006,0.344966918463767,0.0724000387025648
0.299237533377786,0.189982834507528,0.440597237367385,0.066957049006615,0.00322534574068611
0.125267432357375,0.132746548791776,0.544872714151205,0.179314326210627,0.0177989784890166
0.122954239248153,0.131424440514214,0.545358806011601,0.181962446481911,0.0183000677441216
0.328234684468403,0.193607616408392,0.418331669143822,0.0573160366419614,0.00250999333742041
0.153083883646819,0.147150882156841,0.53566187469616,0.151137910904414,0.0129654485957654
0.0359765380326594,0.0608506828803879,0.483063438988628,0.346737024392798,0.0733723157055267
0.14633252677545,0.143894262467218,0.538395624852976,0.157411874900345,0.0139657110040107
0.339226462187077,0.194641139058995,0.409814160607881,0.0540338743883269,0.00228436375771901
0.344943497159561,0.195107604560911,0.4053733302865,0.0524001194159487,0.00217544857707885
0.294800479210585,0.189308471183598,0.443967579369701,0.0685707236740694,0.00335274656204698
0.115242785169625,0.126865121592473,0.546592380247172,0.191187286142776,0.0201124268479544
0.146542622164143,0.143997806007096,0.538314803796193,0.15721163337332,0.0139331346592481
0.327352760975221,0.193516781951093,0.419013656502608,0.0575877225879459,0.00252907798313151
0.147455374177292,0.144445985414336,0.537960411111649,0.156345502850312,0.0137927264464108
0.103806716584906,0.119646024089329,0.547162218629636,0.206110845117885,0.0232741955782433
0.0306625608395637,0.0544356210027281,0.466572969502246,0.364442717871688,0.0838861307837739
0.0302002223391086,0.0538569407016113,0.464956426896758,0.36606084753051,0.0849255625320113
0.336103262873908,0.194365899013501,0.412237353654274,0.054947246000727,0.00234623845759019
0.14535475677046,0.143410485445007,0.538768013309584,0.158348140933563,0.0141186035413871
0.0384304951885193,0.0636784116518122,0.489556676299723,0.339076996154533,0.0692574207054124
0.169499330417542,0.154489036459969,0.527973114200602,0.137154631204668,0.0108838877172195
0.269845566177155,0.184888579345624,0.462659038538758,0.0784278946187775,0.00417892131968545
0.30104205817362,0.190247767662942,0.43922321360262,0.0663119314366182,0.00317502912419954
0.156865451270388,0.148912611991536,0.534014167741903,0.147763136274528,0.0124446327216451
0.048434110411289,0.0744561974970366,0.510482166394015,0.310745228641668,0.0558822970559909
0.331218227123535,0.193906137500355,0.416022828371686,0.0564062668601077,0.00244654014431689
0.27766995164368,0.186391608101301,0.456853171329607,0.0751870901515438,0.00389817877386811
0.331218227123535,0.193906137500355,0.416022828371686,0.0564062668601077,0.00244654014431689
0.140123659955133,0.140768565391021,0.540651660514103,0.163482116038833,0.0149739981009097
0.325152172802319,0.19328494399202,0.420714315040037,0.0582712033445241,0.00257736482110027
0.254927118795249,0.181712807900861,0.473556236089118,0.0850255871218887,0.00477825009288302
0.304558883273258,0.190748745123775,0.436540207910122,0.0650727959858517,0.00307936770699346
0.0331982593152259,0.057549184473674,0.474895226188332,0.355794361486047,0.0785629685367203
0.294695205693185,0.189292072771707,0.444047397060077,0.0686094901803445,0.00335583429468689
0.142723006235099,0.142092747132133,0.539739018310102,0.160904340268812,0.0145408880538531
0.141214175254466,0.141326874787192,0.54027452304551,0.162394124303896,0.0147903026089358
0.048036448873587,0.0740485642310361,0.509792763574024,0.31179152599272,0.0563306973286331
0.147244401746867,0.144342633334352,0.538042794810669,0.156545150545753,0.0138250195623587
0.0494553885829377,0.0754958341958035,0.512206364624609,0.308085719317608,0.0547566932790413
0.0844359971854247,0.106006599173588,0.543634649969748,0.235506029846875,0.030416723824365
9.61202590190855e-57,2.38133246905683e-53,8.48417551512262e-44,1.36396398704681e-36,1
0.0479755027579417,0.0739859484955626,0.509686193990441,0.311952421731283,0.0563999330247711
0.00152893970002818,0.0053737493188371,0.161416091028244,0.445269070659794,0.386412149293097
0.0887211952243031,0.109191362286885,0.54500193144514,0.2284914064384,0.0285941046052718
0.369191905124417,0.196562983235983,0.38649131852259,0.045984146424348,0.00176964669266111
0.0389939459433474,0.0643166141416356,0.490960867037449,0.337360957825166,0.0683676150524019
0.0586129807526378,0.0843834925826733,0.525042469052288,0.285871892430326,0.046089165182075
0.0366082387691207,0.0615862628731654,0.484795950164133,0.344735597065881,0.0722739511276997
0.127228770477465,0.133851619500712,0.544421619821024,0.177109786112627,0.017388204088173
0.0499881703251625,0.0760341071711732,0.513080026375915,0.3067138237155,0.0541838724122494
0.326912159941821,0.193470957026611,0.419354282825578,0.0577239307913737,0.00253866941461567
0.0490820437204869,0.0751169794919951,0.511583686771032,0.309053378117279,0.0551639118992071
0.155549550357644,0.148304549614587,0.534596554315169,0.148926518412204,0.0126228273003962
0.00148851382510547,0.00525715195299618,0.159509116960807,0.444175761132609,0.389569456128482
0.330443676902457,0.193829936989323,0.416622463005073,0.0566410729921886,0.00246285011095859
0.340680298739926,0.194764325453144,0.408685459654069,0.0536137743827703,0.00225614177009092
0.0490510335435725,0.0750854496611677,0.51153157446149,0.309133987849784,0.0551979544839866
0.303918102062681,0.190658969426758,0.437029557887401,0.0652968053899408,0.003096565233219
0.222505531595168,0.173312076989923,0.496188956172995,0.101548230430923,0.0064452048109922
0.0309598166404643,0.0548058442330784,0.467595467039833,0.363409205449191,0.0832296666374333
0.127165169895985,0.133816012063893,0.544436793918139,0.177180696718663,0.0174013274033203
0.0324599062624348,0.0566528176322561,0.472562845529797,0.358273865171493,0.0800505654040189
0.144937060957768,0.143202866537488,0.538925197308695,0.158750306040517,0.014184569155533
0.157085478146198,0.149013769473906,0.533915869434096,0.147569736542465,0.0124151464033343
0.12824939017827,0.13442096038545,0.544173195998201,0.175977075656511,0.0171793777815679
0.0014664787352976,0.00519332280468875,0.158455409711249,0.443558103895726,0.391326684853039
0.038277983946294,0.0635049711393527,0.489171234050115,0.339544174098739,0.0695016367654996
0.336994463349133,0.194445918654125,0.411546121758303,0.0546850892942753,0.00232840694416392
0.0303257378989943,0.054014386473673,0.465398478083637,0.36562026922753,0.0846411283161654
0.121469898423394,0.130565183078294,0.545643603144176,0.183689830543985,0.0186314848101512
0.0480059680747419,0.0740172531205185,0.509739495675686,0.311871976331723,0.0563653067973306
0.144381391386507,0.142925778385892,0.539132522572025,0.159287371417776,0.0142729362377998
0.255319267656408,0.181801626929954,0.473273051009117,0.0848447322405779,0.00476132216394254
0.327352760975221,0.193516781951093,0.419013656502608,0.0575877225879459,0.00252907798313151
0.167196648234759,0.153507146555665,0.529131236630726,0.139015555944558,0.0111494126342913
0.120548607294661,0.13002753125064,0.545809391271624,0.18477326591995,0.0188412042631261
0.352054766999844,0.19562126275468,0.39984192581265,0.0504346291580021,0.00204741527482455
0.145006620751996,0.143237481483099,0.538899100529863,0.158683240753616,0.0141735564814259
0.254339487022806,0.181579163648912,0.473980229725563,0.0852973769876222,0.00480374261509642
0.330554282573007,0.193840874003907,0.416536845417178,0.0566074838954562,0.00246051411045201
0.109417466882577,0.123258942762566,0.547087656743618,0.198591361023968,0.0216445725872706
0.14830128848198,0.144858944509879,0.537627276313867,0.155548286932368,0.0136642037619065
0.33543546623211,0.194305161261357,0.41275518769516,0.0551444916885925,0.00235969312278062
0.335991927434336,0.194355819071353,0.412323694560569,0.054980082866104,0.00234847606763777
0.331218227123535,0.193906137500355,0.416022828371686,0.0564062668601077,0.00244654014431689
0.332547707512374,0.194034818306351,0.414993203204807,0.0560054635989617,0.00241880737750655
0.0462052712061801,0.0721505603764767,0.506482011334558,0.316689438170853,0.0584727189119321
0.245418792255042,0.179468377977409,0.480361435045516,0.0895412951855649,0.00521009953646834
0.331882702705216,0.193970785811095,0.415508279807792,0.0562055936682845,0.00243263800761251
0.104468769781998,0.120079707028725,0.54717549938353,0.205202680707419,0.0230733430983286
0.342809395851752,0.194939099995014,0.407031757523431,0.0530042843773614,0.00221546225244118
0.0511956449127409,0.0772438543233639,0.514996770193077,0.303643132967911,0.0529205976029073
0.109589090858546,0.12336726009335,0.547078916579498,0.198367519872429,0.0215972125961766
0.0575848610642505,0.0834223922312632,0.523812330249571,0.288229543460409,0.0469508729945063
0.333435200697949,0.194119235953965,0.414305619020784,0.0557394671132191,0.00240047721408243
0.109303158199524,0.123186727834983,0.547093273123718,0.198740646200147,0.0216761946416276
0.299979978662847,0.190092486998887,0.440032140415122,0.066690853032409,0.00320454089073641
0.29669835992273,0.189600927261385,0.442527430912733,0.0678756795427483,0.00329760236040322
0.331218227123535,0.193906137500355,0.416022828371686,0.0564062668601077,0.00244654014431689
0.291230949408773,0.188742059559957,0.446669974887686,0.0698978418137972,0.00345917432978704
0.056293776558454,0.0822028740966596,0.522197859251106,0.291236491477571,0.0480689986162102
0.0496116164564571,0.0756539601884318,0.512464356121186,0.307682345443286,0.0545877217906391
0.0546867797048357,0.0806648917682759,0.520075037721961,0.295053355415849,0.0495199353890785
0.00146793842814296,0.00519755719183285,0.158525529385234,0.44359950819235,0.39120946680244
0.0250355790653931,0.0471390487838163,0.44444571161227,0.385060036570179,0.0983196239683417
0.0303886576043837,0.0540932152037816,0.465619173824344,0.365399773945956,0.0844991794215354
0.0483727609132058,0.0743934136413645,0.510376477219037,0.310906250374979,0.0559510978514132
0.12558234122556,0.132924955454236,0.544802657014364,0.178957876428112,0.0177321698777286
0.265624741783086,0.184031891315909,0.465766616196922,0.0802371921453435,0.00433955855873958
0.0487109535757002,0.0747390434599791,0.510956085926479,0.310020397960331,0.0555735190775108
0.113942669401391,0.126072687697395,0.546737395989991,0.192805881421559,0.0204413654896634
0.0243470966516751,0.0462053862835441,0.441321911194164,0.387726694220179,0.100398911650438
0.339226462187077,0.194641139058995,0.409814160607881,0.0540338743883269,0.00228436375771901
0.032615384068874,0.0568422542558735,0.473059969237118,0.357749144243316,0.0797332481948182
0.0390197163218511,0.0643457072826313,0.49102435270842,0.33728284377195,0.0683273799151476
0.0417764860049687,0.0674107657371279,0.497461794819073,0.329109109470681,0.0642418439681496
0.0905495871914575,0.110519842661209,0.545473501410674,0.225593479915255,0.0278635888214048
0.124388622074339,0.132246677770577,0.545063343107983,0.180314171009361,0.0179871860377407
0.352054766999844,0.19562126275468,0.39984192581265,0.0504346291580021,0.00204741527482455
0.0407247624470978,0.0662522886363458,0.49508644176948,0.332185421877324,0.0657510852697528
0.00130456018403098,0.00471800194471641,0.150378012214811,0.438492807373565,0.405106618282876
0.144798008772585,0.143133622552662,0.538977270154142,0.158884481899531,0.0142066166210801
0.0487417918482186,0.0747705029117305,0.511008573549247,0.309939837981563,0.0555392937092406
0.133635026224182,0.137361999703261,0.542714674956086,0.170158139418196,0.0161301596982746
0.157012113312,0.148980056275734,0.533948674658896,0.147634187307462,0.0124249684459071
0.0287273441064188,0.0519896775321671,0.45958434674165,0.371303775934357,0.0883948556854073
0.334545879155173,0.194223214689406,0.413444839958032,0.0554083248812217,0.00237774131616764
0.125204516801072,0.132710859868872,0.544886600859206,0.179385656523171,0.0178123659476778
0.326802047346713,0.193459458360622,0.419439400965652,0.0577580209224722,0.0025410724045416
0.0590067061075848,0.0847492355704841,0.52550091506543,0.284977490891426,0.0457656523650756
0.145145807747609,0.143306697243455,0.538846786289318,0.158549155488598,0.014151553231019
0.162652087257629,0.151524709938556,0.531344534072135,0.142781266332446,0.0116974023992344
0.0599092518189948,0.0855828603644766,0.526526060299904,0.282944645104616,0.0450371824120087
0.222778519190806,0.173391911394244,0.496005956948182,0.10139497705857,0.00642863540819782
0.055297886313418,0.0812524126337967,0.520897497391769,0.293592022909228,0.0489601807517887
0.00147966378992258,0.00523153960109116,0.159087142592565,0.443929575075093,0.390272078941328
0.127292393185437,0.133887224193512,0.544406404248671,0.177038889146376,0.0173750892260044
0.0455879935253084,0.0715028494446078,0.505313625078222,0.3183707709459,0.0592247610059626
0.0382272566656612,0.0634472163357949,0.489042518084546,0.339699819595827,0.0695831893181709
0.292908214757915,0.189010878270464,0.445401199910445,0.0692709887606806,0.00340871830049494
0.170348721649115,0.154847447751186,0.527539935635659,0.136475978268403,0.0107879166956368
0.104468769781998,0.120079707028725,0.54717549938353,0.205202680707419,0.0230733430983286
0.0506526205333693,0.0767015402682943,0.514145478969159,0.305017531361769,0.0534828288674076
0.0476716999963363,0.0736732596038001,0.509151321405616,0.312756600889358,0.0567471181048902
0.166738543065526,0.1533100077462,0.529358759511459,0.139389501324018,0.0112031883527972
0.0479450529181595,0.0739546503591385,0.509632858529855,0.312032862177005,0.0564345760158418
0.0338126075021507,0.0582888034713459,0.476782177569294,0.353754904661962,0.0773615067952474
0.324932447399704,0.193261387526482,0.420884038721579,0.0583398873129495,0.00258223903928534
0.25561358609879,0.181868095442319,0.473060388469788,0.0847092686544182,0.00474866133468388
0.0471287391798377,0.0731120641099735,0.508180076450649,0.314202828994838,0.0573762912647016
0.353982705334431,0.195747954675531,0.398341153567577,0.0499141278776458,0.00201405854481485
0.0533147474799488,0.0793337000120811,0.518158156658566,0.298379394062297,0.0508140017871073
0.26193433848004,0.183256039060746,0.468468439942946,0.0818555615518582,0.00448562096441063
0.0360731375727799,0.0609635194393549,0.483331221719491,0.34642961085789,0.0732025104104848
0.0443447347474462,0.0701858529059572,0.502876164795772,0.321804941146592,0.0607883064042324
0.336994463349133,0.194445918654125,0.411546121758303,0.0546850892942753,0.00232840694416392
0.252190926972061,0.181084885759904,0.475526776263337,0.0862991552416648,0.0048982557630336
0.00161280996288022,0.00561363707529355,0.165269540754801,0.447383773302471,0.380120238904554
0.0566752062679724,0.0825646372433195,0.522683080423018,0.290342697086365,0.0477343789793243
0.0490510335435725,0.0750854496611677,0.51153157446149,0.309133987849784,0.0551979544839866
0.287057522863789,0.188052465127125,0.449818607995677,0.0714831420161919,0.00358826199721696
0.352054766999844,0.19562126275468,0.39984192581265,0.0504346291580021,0.00204741527482455
0.11829715835755,0.128699470586939,0.546178117430287,0.187458137832778,0.0193671157924459
0.333879297555475,0.194161033360613,0.413961479800051,0.0556068299321939,0.00239135935166701
0.0383796031673089,0.0636205688128816,0.489428313266274,0.339232762258275,0.0693387524952604
0.332547707512374,0.194034818306351,0.414993203204807,0.0560054635989617,0.00241880737750655
0.0510994819311182,0.0771480218854206,0.514847274363361,0.303885749016318,0.0530194728037821
0.0367307539209871,0.0617282999047229,0.485126927073713,0.344349839885769,0.072064179214808
0.131866266901536,0.136407692889157,0.543220312166632,0.172040449656596,0.0164652783860785
0.307557107627469,0.191159954825362,0.434247732976218,0.0640349601575095,0.00300024441344116
0.324163888358947,0.193178407265801,0.421477576779693,0.0585807631248798,0.00259936447067888
0.00158126996639818,0.00552373760794676,0.163836219620954,0.446611794925523,0.382446977879178
0.0551956623388707,0.0811543628475575,0.520761234266426,0.29383562000149,0.0490531205456562
0.0520351010912813,0.0780767174110456,0.516279200277958,0.301539187639736,0.0520697935799791
0.0471587730414601,0.0731431859444582,0.508234319450241,0.314122527752872,0.0573411938109691
0.344381409750485,0.195063870084653,0.405810210419711,0.0525585952693954,0.00218591447575522
0.0504620637817602,0.0765105638057825,0.513842623026606,0.305502359696895,0.0536823896889566
0.222323645887609,0.173258795426297,0.496310801314902,0.101650485310798,0.00645627206039379
0.0572686898312347,0.0831250537678479,0.523424247935505,0.288961097283483,0.0472209111819299
0.228185917686103,0.174940283613444,0.492351024436751,0.0984124324135245,0.00611034185017756
0.0527210755920774,0.0787524178520797,0.51729764114699,0.299838296695471,0.0513905687133823
0.332991337170681,0.194077164208459,0.414649527166062,0.0558723449303623,0.00240962652443555
0.0488653010143444,0.0748964048219873,0.511218183301507,0.309617552262855,0.0554025585993064
0.0472790619500296,0.0732677389292606,0.508450956724849,0.313801269495497,0.0572009729003633
0.283532531715734,0.187446773351871,0.452468180639288,0.0728511457757908,0.00370136851731684
0.0455295526104365,0.0714413167652167,0.505201593367202,0.318530759401038,0.0592967778561073
0.14696342005186,0.144204761344024,0.538152079193987,0.156811560940781,0.0138681784693491
0.0472188867932591,0.0732054493132677,0.508342705055767,0.313961909253172,0.0572710495845352
0.0383796031673089,0.0636205688128816,0.489428313266274,0.339232762258275,0.0693387524952604
0.141145849938993,0.141292012374979,0.540298398407579,0.162462012749196,0.0148017265292528
0.0479450529181595,0.0739546503591385,0.509632858529855,0.312032862177005,0.0564345760158418
0.154385991431065,0.147762466657655,0.535103552642452,0.149964917015327,0.0127830722535016
0.152507512421974,0.146878485966756,0.535905911907133,0.151660865512483,0.0130472241916539
0.335991927434336,0.194355819071353,0.412323694560569,0.054980082866104,0.00234847606763777
0.325152172802319,0.19328494399202,0.420714315040037,0.0582712033445241,0.00257736482110027
0.0256855151428238,0.0480117089496609,0.447301914138293,0.382572426883948,0.0964284348852744
0.0499252535504656,0.07597068630171,0.512977759278793,0.306875284901626,0.0542510159674052
0.03920049746996,0.0645495630760737,0.491467917936599,0.336735776134086,0.0680462453832809
0.120181472038719,0.129812344572538,0.54587307425214,0.185207456491528,0.0189256526450745
0.143343385241336,0.142405440569927,0.539514306472975,0.160296964700868,0.0144399030148941
0.22159695185052,0.173045201307718,0.496796944902307,0.102060192571089,0.00650070936836589
0.0483727609132058,0.0743934136413645,0.510376477219037,0.310906250374979,0.0559510978514132
0.352054766999844,0.19562126275468,0.39984192581265,0.0504346291580021,0.00204741527482455
0.0360731375727799,0.0609635194393549,0.483331221719491,0.34642961085789,0.0732025104104848
0.22196012905428,0.173152091833109,0.496554120712126,0.101855201390997,0.00647845700948757
0.0245220972701983,0.0464436241124066,0.442125768994395,0.387045782808938,0.0998627268140629
0.0288075738641989,0.052092341724919,0.45988601241927,0.371014683945102,0.0881993880465104
0.116433828933784,0.127584946865346,0.546442921297243,0.189721004800381,0.0198172981032465
0.051937686206267,0.0779804069387754,0.516132438800709,0.301782062834665,0.0521674052195835
0.299131537861726,0.189967105695336,0.440677887690381,0.06699514099144,0.00322832776111626
0.329448893279805,0.193730736159509,0.417392349891969,0.0569440561131636,0.002483964555553
0.0313886011990672,0.0553373887563377,0.469047702537703,0.361927736172818,0.082298571334074
0.359104058672273,0.196058754740056,0.394352692115006,0.0485563652523285,0.00192812922033603
0.0488962173499768,0.0749278963101125,0.51127050049792,0.309536969453916,0.0553684163880749
0.167120241080697,0.15347430750587,0.529169252274992,0.139077839501372,0.0111583596370697
0.325921690214191,0.193366858455895,0.420119790029936,0.0580312908350309,0.00256037046494739
0.345168428052897,0.195124976468179,0.405198488639539,0.0523368318868267,0.00217127495255709
0.149505213761247,0.14544271986907,0.537145491816974,0.15442267504107,0.0134838995116394
0.0397992975568767,0.0652218788671763,0.492915016970391,0.334935003713541,0.0671288028920152
0.253654815086181,0.181422616350105,0.474473696163515,0.0856152353057456,0.00483363709445295
0.0526226421920051,0.078655726236374,0.51715310404628,0.300081360384655,0.0514871671406858
0.0363155659957244,0.061246135666364,0.483998705675623,0.345660279962514,0.0727793126997749
0.110969044242798,0.124233558829154,0.546995363842506,0.196580557109204,0.0212214759763381
0.0271231524223533,0.0499130123802843,0.453319563255825,0.377170893736133,0.0924733782054044
0.288410776823928,0.188279321537425,0.448798993315042,0.0709650664118406,0.00354584191176466
0.0571986154197363,0.0830590392065124,0.523337602575482,0.289123654392087,0.0472810884061821
0.325921690214191,0.193366858455895,0.420119790029936,0.0580312908350309,0.00256037046494739
0.145703454604236,0.143583370779936,0.538635921086894,0.158013419234273,0.0140638342946606
0.153444847915506,0.147320949313626,0.535508067366254,0.150811571201012,0.0129145642036017
0.151215948551107,0.146264313330677,0.536445733849824,0.152841153310375,0.0132328509580174
0.0488653010143444,0.0748964048219873,0.511218183301507,0.309617552262855,0.0554025585993064
0.0460282251021427,0.0719651993589747,0.50614967050947,0.317170086182199,0.0586868188472132
0.122892138929506,0.13138866337437,0.545371152227109,0.18203426963613,0.0183137758328851
0.243119617030538,0.178899060438857,0.481988219764059,0.0906720881792604,0.00532101458728484
0.0578670532227164,0.0836870663736981,0.524154785528502,0.287579214885385,0.0467118799896984
0.123825954417929,0.13192508040383,0.545181583105608,0.180958311526774,0.0181090705458585
0.0600182800345244,0.0856831162839219,0.526647506859953,0.282700700158941,0.0449503966626593
0.0487109535757002,0.0747390434599791,0.510956085926479,0.310020397960331,0.0555735190775108
0.0856714764616489,0.106935245691465,0.54406801815912,0.23345067733917,0.0298745823485961
0.325591805992002,0.193331853850411,0.420374680007814,0.0581340188293495,0.00256764132042386
0.0488653010143444,0.0748964048219873,0.511218183301507,0.309617552262855,0.0554025585993064
0.0980903842828826,0.11581641989061,0.546781745564349,0.214198318100429,0.0251131321617294
0.328014113581243,0.193585009779529,0.418502257500679,0.0573838668863136,0.00251475225223596
1.79578080689647e-56,4.36261239870376e-53,1.46548896447272e-43,2.24350982314069e-36,1
0.0463532270272766,0.0723052110224978,0.506758052388062,0.31628873832748,0.058294771234683
0.0500196524145218,0.076065827041242,0.513131108160158,0.306633087080269,0.054150325303809
0.0499567040388113,0.0760023935902744,0.513028910078414,0.306794556327363,0.0542174359651374
0.0517432911985183,0.0777879505250924,0.515837966285142,0.302267727513201,0.0523630644780468
0.144173385936718,0.142821793551876,0.539209605051411,0.159489019533884,0.0143061959261103
0.331882702705216,0.193970785811095,0.415508279807792,0.0562055936682845,0.00243263800761251
0.0487109535757002,0.0747390434599791,0.510956085926479,0.310020397960331,0.0555735190775108
0.00151235053919913,0.00532598057087966,0.160637579837749,0.444826524099414,0.387697564952758
0.0484955221189152,0.0745190071273606,0.510587719776513,0.310584187955684,0.055813563021527
0.0316482206436359,0.0556578111079055,0.46991421399227,0.361036062360246,0.0817436918959419
2.28708154409934e-56,5.51411519032896e-53,1.81053703824204e-43,2.7196776169066e-36,1
0.333879297555475,0.194161033360613,0.413961479800051,0.0556068299321939,0.00239135935166701
0.125960960504226,0.133138959004982,0.544717216957365,0.178530581450506,0.017652282082921
0.327352760975221,0.193516781951093,0.419013656502608,0.0575877225879459,0.00252907798313151
0.306699147471489,0.191043770513006,0.434904200779595,0.0643302191967535,0.0030226620391558
0.0301584796307292,0.0538045215286328,0.46480888147359,0.366207584373645,0.0850205329934026
0.22506082494151,0.174053070924693,0.494470205128794,0.100123882607892,0.00629201639711141
0.100327127421633,0.117333317228273,0.546989029370011,0.210980100806766,0.0243704251733169
0.3044520446718,0.190733823081604,0.436621813061692,0.0651100912097551,0.00308222797514934
0.335324217250312,0.194294978098724,0.412841443929914,0.0551774183760364,0.0023619423450143
0.0488653010143444,0.0748964048219873,0.511218183301507,0.309617552262855,0.0554025585993064
0.352054766999844,0.19562126275468,0.39984192581265,0.0504346291580021,0.00204741527482455
0.0309385052867052,0.0547793489261957,0.467522592850259,0.363483124475863,0.0832764284609765
0.0492995536570956,0.0753378667667773,0.511947515053535,0.308488986549959,0.0549260779726332
0.170968170191315,0.155107556925929,0.527222031377455,0.135983658400841,0.0107185831044593
0.0469787998130645,0.0729565535520661,0.507908359954435,0.314604254547315,0.0575520321331191
0.225610543227147,0.174210645581842,0.494098779851101,0.0998204185300166,0.00625961280989273
0.0487417918482186,0.0747705029117305,0.511008573549247,0.309939837981563,0.0555392937092406
0.00147525680091341,0.00521877381612674,0.158876401058215,0.443806043366621,0.390623524958124
0.296276125379297,0.189536382244859,0.44284802333882,0.0680296833808255,0.00330978565619822
0.270855450987828,0.185088748642041,0.461912885607494,0.0780014475358686,0.00414146722676811
0.0235046804710141,0.0450496219727226,0.437354934378443,0.391034163419282,0.103056599758539
0.0374479705797703,0.0625557827727686,0.487032472062491,0.342107079191413,0.0708566953935573
0.0561210697541457,0.0820386611603688,0.521975842937082,0.291642708401984,0.0482217177464193
0.14696342005186,0.144204761344024,0.538152079193987,0.156811560940781,0.0138681784693491
0.0521977817431747,0.0782373564263721,0.516523098362473,0.301134333470252,0.0519074299977278
0.288202388286766,0.188244591689513,0.44895609012354,0.0710445912672149,0.003552338632966
0.0394079386114487,0.0647829772031405,0.491973057188577,0.336109983761906,0.0677260432349273
0.0488962173499768,0.0749278963101125,0.51127050049792,0.309536969453916,0.0553684163880749
0.285603544012343,0.187805225066705,0.450912626447657,0.0720441503809687,0.0036344540923271
0.286122419704803,0.187893873504693,0.450522387682625,0.0718434230933489,0.00361789601452978
0.036121516939994,0.0610199827311977,0.483464944205665,0.346275835530546,0.073117720592597
0.334990556975093,0.194264325459176,0.413100127559825,0.0552762883454488,0.00236870166045722
0.14682306414066,0.144135795818842,0.538206481039977,0.156944857542761,0.0138898014577594
0.0575496632760218,0.0833893326199171,0.523769357336111,0.288310830822583,0.0469808159453678
0.0324599062624348,0.0566528176322561,0.472562845529797,0.358273865171493,0.0800505654040189
0.338891300111576,0.194612296319714,0.410074304842219,0.0541311769615905,0.00229092176490076
0.249567198364968,0.180469216952559,0.477407244840498,0.0875398281293436,0.00501651171263229
0.302744900978546,0.190492865183707,0.437924940443094,0.0657089746120904,0.00312831878256348
0.0348103001543069,0.0594782155203194,0.479746887192558,0.350487644515713,0.0754769526171021
0.336437355437655,0.19439603555103,0.411978246666662,0.0548488251414952,0.00233953720315849
0.288410776823928,0.188279321537425,0.448798993315042,0.0709650664118406,0.00354584191176466
0.0271231524223533,0.0499130123802843,0.453319563255825,0.377170893736133,0.0924733782054044
0.048434110411289,0.0744561974970366,0.510482166394015,0.310745228641668,0.0558822970559909
0.14830128848198,0.144858944509879,0.537627276313867,0.155548286932368,0.0136642037619065
0.0298262569121472,0.0533862987674076,0.463625024927288,0.367379255202352,0.0857831641908049
0.0015938178790616,0.00555954772003189,0.164408686777361,0.446922179957337,0.381515767666209
0.0517756501438691,0.0778200113373979,0.515887132888548,0.302186791430118,0.0523304142000671
0.330554282573007,0.193840874003907,0.416536845417178,0.0566074838954562,0.00246051411045201
0.352054766999844,0.19562126275468,0.39984192581265,0.0504346291580021,0.00204741527482455
0.048036448873587,0.0740485642310361,0.509792763574024,0.31179152599272,0.0563306973286331
0.166128997238032,0.153046767643819,0.529659989634542,0.139889005497197,0.0112752399864101
0.333546203058684,0.194129711031989,0.414219605838648,0.0557062852667483,0.00239819480393166
0.264025661388534,0.183698801359691,0.466939136804424,0.0809342095758625,0.0044021908714883
0.052589863488443,0.0786235077319213,0.517104854192517,0.300162375901417,0.0515193986857022
0.00157347331557552,0.00550145717138601,0.163479011778107,0.446416727700777,0.383029330034155
